n_qubits,sample_idx,gradient_value
2,0,-0.4088418781757355
2,1,0.674096405506134
2,2,-0.3967912793159485
2,3,0.7336549758911133
2,4,-0.7634784579277039
2,5,-0.4099576473236084
2,6,0.11414004862308502
2,7,0.8918261528015137
2,8,-0.030847985297441483
2,9,0.9212981462478638
2,10,0.8745856881141663
2,11,-0.05765433609485626
2,12,0.0716630294919014
2,13,-0.3362215757369995
2,14,-0.042967572808265686
2,15,-0.5058497190475464
2,16,-0.5875624418258667
2,17,-0.5881534814834595
2,18,-0.8969692587852478
2,19,-0.42510390281677246
2,20,0.6203967928886414
2,21,0.6753617525100708
2,22,0.052281253039836884
2,23,-0.10221453756093979
2,24,-0.8152623772621155
2,25,-0.019744060933589935
2,26,0.04277686029672623
2,27,0.44373250007629395
2,28,0.7779183387756348
2,29,-0.42900559306144714
2,30,-0.9728870987892151
2,31,-0.5661826729774475
2,32,0.1354261189699173
2,33,-0.5351431369781494
2,34,0.9648264050483704
2,35,0.051355332136154175
2,36,0.23697929084300995
2,37,-0.6589820384979248
2,38,0.7684856653213501
2,39,0.9399617314338684
2,40,0.1327521800994873
2,41,0.8757540583610535
2,42,0.3648044466972351
2,43,-0.6521873474121094
2,44,-0.7685621380805969
2,45,-0.07756805419921875
2,46,-0.028963033109903336
2,47,0.5054824352264404
2,48,-0.6503070592880249
2,49,0.4381001591682434
2,50,-0.9565282464027405
2,51,-0.0035564377903938293
2,52,0.45827290415763855
2,53,-0.384438157081604
2,54,0.6291899681091309
2,55,0.29696953296661377
2,56,-0.685043454170227
2,57,0.1578635573387146
2,58,0.2964106500148773
2,59,-0.9471846222877502
2,60,0.5769497752189636
2,61,0.018113642930984497
2,62,0.28924310207366943
2,63,-0.17363174259662628
2,64,-0.6671767234802246
2,65,-0.32628753781318665
2,66,-0.4946339726448059
2,67,-0.5241223573684692
2,68,0.4087463617324829
2,69,0.11244356632232666
2,70,0.2504931688308716
2,71,0.005661964416503906
2,72,-0.13285011053085327
2,73,0.05304498225450516
2,74,0.014720380306243896
2,75,-0.26165667176246643
2,76,-0.3919687569141388
2,77,-0.6518272757530212
2,78,0.21692335605621338
2,79,-0.763145923614502
2,80,0.42682015895843506
2,81,0.0720686987042427
2,82,0.2756250202655792
2,83,0.4866654872894287
2,84,0.28562507033348083
2,85,-0.8926378488540649
2,86,-0.18330177664756775
2,87,-0.7957178950309753
2,88,-0.3806042969226837
2,89,-0.24882766604423523
2,90,0.2849707007408142
2,91,-0.8813644051551819
2,92,-0.08155293762683868
2,93,-0.2126310169696808
2,94,-0.4930279552936554
2,95,-0.22864732146263123
2,96,-0.3989408016204834
2,97,0.3020712435245514
2,98,0.3927929699420929
2,99,-0.19263222813606262
2,100,-0.48782896995544434
2,101,0.924220085144043
2,102,-0.5228886008262634
2,103,-0.8394269347190857
2,104,0.3505261540412903
2,105,-0.4991677403450012
2,106,-0.14633730053901672
2,107,-0.15673385560512543
2,108,-0.40749800205230713
2,109,-0.4707757532596588
2,110,-0.1771642416715622
2,111,-0.7361764907836914
2,112,-0.14676125347614288
2,113,0.720845103263855
2,114,0.7900705933570862
2,115,-0.7979927062988281
2,116,-0.7996306419372559
2,117,0.8441768288612366
2,118,0.4303218126296997
2,119,0.2317250370979309
2,120,-0.5968702435493469
2,121,0.28819286823272705
2,122,0.2389797866344452
2,123,-0.014180250465869904
2,124,-0.358605295419693
2,125,-0.26992306113243103
2,126,0.9252035617828369
2,127,0.27037274837493896
2,128,0.8458378314971924
2,129,-0.579387903213501
2,130,0.3250279128551483
2,131,-0.17459794878959656
2,132,0.30679115653038025
2,133,-0.18663793802261353
2,134,-0.6756274700164795
2,135,0.19153514504432678
2,136,-0.4315357506275177
2,137,0.6497205495834351
2,138,0.2645745277404785
2,139,-0.9653443098068237
2,140,-0.7558071613311768
2,141,0.6066625714302063
2,142,0.0073243677616119385
2,143,-0.19802823662757874
2,144,0.3678756058216095
2,145,-0.2923917770385742
2,146,-0.1585739254951477
2,147,0.5018739104270935
2,148,-0.030714120715856552
2,149,0.050112828612327576
2,150,0.45624056458473206
2,151,-0.7993710041046143
2,152,0.03315192461013794
2,153,0.42229408025741577
2,154,0.6806752681732178
2,155,0.16980481147766113
2,156,-0.374565064907074
2,157,0.21917292475700378
2,158,0.4244038164615631
2,159,-0.8825873136520386
2,160,-0.7002087235450745
2,161,-0.4678710103034973
2,162,0.14602844417095184
2,163,-0.6363032460212708
2,164,0.7941309809684753
2,165,0.433615505695343
2,166,0.9288821220397949
2,167,-0.4873163104057312
2,168,0.8756654858589172
2,169,-0.7638266682624817
2,170,0.4228782057762146
2,171,-0.04260796308517456
2,172,0.32308363914489746
2,173,0.6166353225708008
2,174,0.4549413025379181
2,175,-0.05464504286646843
2,176,0.7648328542709351
2,177,0.7579572796821594
2,178,-0.3550308048725128
2,179,0.15119026601314545
2,180,-0.6157388091087341
2,181,-0.5115076303482056
2,182,-0.07755985856056213
2,183,0.5375831127166748
2,184,0.7034277319908142
2,185,0.5773510932922363
2,186,0.5154737234115601
2,187,0.7893075942993164
2,188,-0.16681618988513947
2,189,-0.09142328798770905
2,190,-0.041808173060417175
2,191,-0.6694844961166382
2,192,0.7764309644699097
2,193,-0.11447069048881531
2,194,-0.9614688158035278
2,195,0.23644500970840454
2,196,-0.8594847321510315
2,197,0.9968881607055664
2,198,0.7381563782691956
2,199,-0.6455682516098022
2,200,0.7539142966270447
2,201,-0.5677819848060608
2,202,0.5616883039474487
2,203,-0.8795639872550964
2,204,0.9231746196746826
2,205,0.7636218667030334
2,206,-0.6796349287033081
2,207,-0.11883889138698578
2,208,0.16546502709388733
2,209,-0.38323724269866943
2,210,-0.07758092880249023
2,211,-0.9167858362197876
2,212,-0.9643423557281494
2,213,0.6746786832809448
2,214,-0.6269672513008118
2,215,-0.48546090722084045
2,216,0.5065743923187256
2,217,-0.4603379964828491
2,218,-0.004848897457122803
2,219,0.12489347159862518
2,220,-0.21366718411445618
2,221,-0.4719616770744324
2,222,0.1883259117603302
2,223,0.15449735522270203
2,224,-0.7870782017707825
2,225,-0.12508337199687958
2,226,0.9168758988380432
2,227,-0.5885114669799805
2,228,0.2658435106277466
2,229,0.9500895738601685
2,230,-0.1946048140525818
2,231,-0.48653513193130493
2,232,0.07610787451267242
2,233,0.2959515154361725
2,234,-0.4489561915397644
2,235,0.7050361037254333
2,236,-0.3449550271034241
2,237,0.04005108401179314
2,238,-0.015174838714301586
2,239,-0.5101940631866455
2,240,-0.16019830107688904
2,241,0.16094423830509186
2,242,-0.27775442600250244
2,243,-0.019513815641403198
2,244,0.5922266244888306
2,245,0.6151896119117737
2,246,-0.2967810332775116
2,247,-0.21821297705173492
2,248,0.5997270941734314
2,249,-0.7236078977584839
2,250,-0.02898220717906952
2,251,-0.9135069847106934
2,252,-0.6449180841445923
2,253,-0.5669975280761719
2,254,-0.6994414925575256
2,255,-0.5455287098884583
2,256,-0.24711373448371887
2,257,-0.5503182411193848
2,258,0.2632424235343933
2,259,0.3098676800727844
2,260,0.750400185585022
2,261,-0.35447418689727783
2,262,0.6291012167930603
2,263,0.7863783240318298
2,264,-0.8329931497573853
2,265,0.7845253348350525
2,266,-0.282504141330719
2,267,0.6055188179016113
2,268,0.19304293394088745
2,269,0.4444504976272583
2,270,-0.028156861662864685
2,271,0.7736138105392456
2,272,0.1215323805809021
2,273,0.9105004668235779
2,274,-0.6563704013824463
2,275,0.15581047534942627
2,276,-0.7803041338920593
2,277,0.07250264286994934
2,278,0.6241034865379333
2,279,0.7987186908721924
2,280,0.8506074547767639
2,281,0.05026182532310486
2,282,0.438315212726593
2,283,0.8980796933174133
2,284,-0.4393810033798218
2,285,-0.337666392326355
2,286,-0.49180933833122253
2,287,-0.6694644093513489
2,288,0.888468325138092
2,289,-0.5097808241844177
2,290,-0.4663875997066498
2,291,-0.38476479053497314
2,292,0.6357936263084412
2,293,0.6391260623931885
2,294,-0.37099963426589966
2,295,0.38861024379730225
2,296,0.4597868323326111
2,297,-0.5377746224403381
2,298,-0.9128808975219727
2,299,-0.28493836522102356
4,0,0.15302471816539764
4,1,-0.046204544603824615
4,2,-0.11629331111907959
4,3,0.24901503324508667
4,4,0.3280375301837921
4,5,0.22183778882026672
4,6,-0.1411377638578415
4,7,0.22019131481647491
4,8,0.08993448317050934
4,9,0.15636563301086426
4,10,0.18066053092479706
4,11,-0.5669634938240051
4,12,-0.000771641731262207
4,13,0.09696676582098007
4,14,-0.3776211142539978
4,15,0.11537432670593262
4,16,0.4624897837638855
4,17,0.11687929928302765
4,18,-0.22735390067100525
4,19,0.008018894121050835
4,20,0.005939465016126633
4,21,-0.13322950899600983
4,22,-0.05197058990597725
4,23,0.20300301909446716
4,24,0.13569901883602142
4,25,0.001575397327542305
4,26,-0.0018857643008232117
4,27,-0.039517179131507874
4,28,0.23430374264717102
4,29,-0.06889686733484268
4,30,0.03107905015349388
4,31,-0.08181459456682205
4,32,0.24755194783210754
4,33,-0.04355989769101143
4,34,0.3195358216762543
4,35,0.4018435478210449
4,36,-0.24052207171916962
4,37,0.08396841585636139
4,38,0.19408808648586273
4,39,-0.15051285922527313
4,40,-0.0011041536927223206
4,41,-0.07670862972736359
4,42,0.46474403142929077
4,43,0.1885179579257965
4,44,-0.32701659202575684
4,45,0.3508506119251251
4,46,-0.1504596620798111
4,47,-0.008301220834255219
4,48,-0.02596944198012352
4,49,-0.04824664071202278
4,50,0.005316153168678284
4,51,-0.4758618175983429
4,52,0.22660008072853088
4,53,0.07613970339298248
4,54,0.20675930380821228
4,55,-0.3045978546142578
4,56,0.07780773192644119
4,57,-0.11674714088439941
4,58,0.39155763387680054
4,59,-0.5667388439178467
4,60,0.418448269367218
4,61,0.05695676803588867
4,62,-0.020383596420288086
4,63,-0.25398796796798706
4,64,-0.2863260507583618
4,65,-0.032392870634794235
4,66,0.0735921636223793
4,67,-0.5250635743141174
4,68,0.085389144718647
4,69,-0.7814544439315796
4,70,0.06032402813434601
4,71,-0.02712855115532875
4,72,0.08268169313669205
4,73,0.41638439893722534
4,74,-0.043076857924461365
4,75,0.04831085354089737
4,76,-0.07762956619262695
4,77,0.1746947020292282
4,78,0.5760119557380676
4,79,-0.19044829905033112
4,80,-0.17493996024131775
4,81,0.43766969442367554
4,82,0.1240602359175682
4,83,-0.017789343371987343
4,84,-0.02580234780907631
4,85,-0.01231926679611206
4,86,0.09350655227899551
4,87,0.15439468622207642
4,88,0.10180141776800156
4,89,0.062214795500040054
4,90,-0.03746318444609642
4,91,0.047600168734788895
4,92,-0.23398995399475098
4,93,0.33846551179885864
4,94,-0.0704357773065567
4,95,-0.20160342752933502
4,96,0.012973837554454803
4,97,-0.3407309055328369
4,98,0.3123724162578583
4,99,0.18570592999458313
4,100,0.04475674033164978
4,101,0.10681415349245071
4,102,-0.019808903336524963
4,103,0.054657965898513794
4,104,-0.17212316393852234
4,105,-0.14951284229755402
4,106,-0.1093239039182663
4,107,0.17373383045196533
4,108,0.09739822894334793
4,109,0.4226112961769104
4,110,-0.22499874234199524
4,111,-0.24878276884555817
4,112,-0.10808874666690826
4,113,0.014609862118959427
4,114,0.23436151444911957
4,115,0.011691097170114517
4,116,0.12052026391029358
4,117,0.20878395438194275
4,118,0.09747239947319031
4,119,0.09259926527738571
4,120,-0.057821664959192276
4,121,-0.09134086966514587
4,122,-0.06798314303159714
4,123,-0.2953328490257263
4,124,0.05416955053806305
4,125,-0.0703258216381073
4,126,0.07549463212490082
4,127,-0.007101124152541161
4,128,0.23022396862506866
4,129,-0.06567849963903427
4,130,0.09118610620498657
4,131,0.10328055918216705
4,132,-0.1838325560092926
4,133,-0.050227537751197815
4,134,-0.0010223686695098877
4,135,-0.04723821580410004
4,136,-0.09901145100593567
4,137,0.1496838629245758
4,138,-0.5408444404602051
4,139,0.21635980904102325
4,140,-0.11949114501476288
4,141,-0.25551316142082214
4,142,-0.15327733755111694
4,143,0.013479992747306824
4,144,0.006043115630745888
4,145,-0.02555149793624878
4,146,0.3704867362976074
4,147,0.08167561888694763
4,148,-0.15106013417243958
4,149,0.03868059441447258
4,150,0.0012702792882919312
4,151,-0.14384785294532776
4,152,-0.06916584074497223
4,153,0.07769015431404114
4,154,0.09835629165172577
4,155,0.21335618197917938
4,156,0.37729254364967346
4,157,-0.2717982530593872
4,158,-0.023449357599020004
4,159,0.001912980806082487
4,160,0.24813741445541382
4,161,0.048600971698760986
4,162,0.15923647582530975
4,163,-0.21953420341014862
4,164,0.6037087440490723
4,165,0.04188928008079529
4,166,0.41890037059783936
4,167,0.0988113284111023
4,168,-0.14324796199798584
4,169,0.32199370861053467
4,170,0.1276351660490036
4,171,0.03571663051843643
4,172,0.012994721531867981
4,173,-0.08771499991416931
4,174,-0.06420737504959106
4,175,-0.35318461060523987
4,176,0.14130902290344238
4,177,-0.2818514108657837
4,178,-0.09734906256198883
4,179,0.21206603944301605
4,180,-0.03230280429124832
4,181,-0.0038144364953041077
4,182,0.29056453704833984
4,183,-0.13138337433338165
4,184,-0.1305636465549469
4,185,0.4649929106235504
4,186,0.22480125725269318
4,187,-0.7152144312858582
4,188,-0.11061575263738632
4,189,-0.09498670697212219
4,190,0.07060509920120239
4,191,0.31001415848731995
4,192,0.4076942503452301
4,193,0.03218156844377518
4,194,-0.12905675172805786
4,195,0.47401073575019836
4,196,0.13591939210891724
4,197,0.24042262136936188
4,198,-0.41521531343460083
4,199,0.03162066638469696
4,200,0.016819218173623085
4,201,0.3605038523674011
4,202,0.031280532479286194
4,203,0.12507674098014832
4,204,0.20247402787208557
4,205,0.517204761505127
4,206,-0.12705814838409424
4,207,-0.032941099256277084
4,208,0.022414404898881912
4,209,0.32706573605537415
4,210,0.13081297278404236
4,211,-0.34252622723579407
4,212,-0.2773282825946808
4,213,-0.07313448190689087
4,214,-0.0604037269949913
4,215,0.39343684911727905
4,216,-0.01635938324034214
4,217,-0.2538951635360718
4,218,-0.050074610859155655
4,219,0.12757042050361633
4,220,0.16602331399917603
4,221,0.005565552972257137
4,222,0.3281305432319641
4,223,-0.3795045018196106
4,224,0.0206872820854187
4,225,0.2110140025615692
4,226,-0.07206234335899353
4,227,-0.0797979012131691
4,228,0.03597082942724228
4,229,-0.055726464837789536
4,230,-0.21876266598701477
4,231,0.05587031692266464
4,232,0.04967433214187622
4,233,-0.02454788237810135
4,234,0.011216305196285248
4,235,-0.07650023698806763
4,236,0.3868701756000519
4,237,-0.07767626643180847
4,238,-0.012203242629766464
4,239,0.1023944690823555
4,240,-0.3588482141494751
4,241,0.3252023458480835
4,242,0.16228756308555603
4,243,0.08965155482292175
4,244,-0.060766518115997314
4,245,0.11135753989219666
4,246,-0.24505168199539185
4,247,-0.1654857099056244
4,248,0.01586458832025528
4,249,-0.5908562541007996
4,250,-0.22609815001487732
4,251,0.04121871665120125
4,252,-0.17180956900119781
4,253,-0.23265834152698517
4,254,-0.3367171883583069
4,255,-0.2818397879600525
4,256,-0.2922116816043854
4,257,-0.054514359682798386
4,258,-0.6515641808509827
4,259,-0.03322234004735947
4,260,0.3519165515899658
4,261,-0.1604170948266983
4,262,-0.31238406896591187
4,263,0.24138765037059784
4,264,0.15772384405136108
4,265,0.2219863086938858
4,266,0.02863018587231636
4,267,0.016788577660918236
4,268,0.4613655209541321
4,269,-0.042715054005384445
4,270,0.06921136379241943
4,271,-0.1321888566017151
4,272,0.020363345742225647
4,273,0.016202151775360107
4,274,-0.055561572313308716
4,275,0.06743032485246658
4,276,0.09222454577684402
4,277,-0.3414745032787323
4,278,0.11070313304662704
4,279,-0.11719667911529541
4,280,-0.16572821140289307
4,281,-0.2677954137325287
4,282,-0.11056449264287949
4,283,0.06262300908565521
4,284,0.044454462826251984
4,285,0.02170543186366558
4,286,-0.18494494259357452
4,287,-0.3079677224159241
4,288,-0.44619888067245483
4,289,0.03772403672337532
4,290,0.29412925243377686
4,291,-0.05880167707800865
4,292,-0.07504598051309586
4,293,-0.04185178503394127
4,294,-0.1991308331489563
4,295,-0.30615246295928955
4,296,-0.18226920068264008
4,297,0.21178977191448212
4,298,-0.14023296535015106
4,299,-0.11262527108192444
6,0,-0.031677067279815674
6,1,-0.06287753582000732
6,2,-0.01057370100170374
6,3,-0.2599897086620331
6,4,-0.18350280821323395
6,5,-0.11072760075330734
6,6,-0.005873842164874077
6,7,0.06791526079177856
6,8,0.048112377524375916
6,9,0.15429386496543884
6,10,0.006891991943120956
6,11,0.006165296770632267
6,12,-0.04705381393432617
6,13,0.10997168719768524
6,14,-0.07221802324056625
6,15,0.046539608389139175
6,16,-0.04262338578701019
6,17,-0.07865321636199951
6,18,-0.061373256146907806
6,19,-0.023983463644981384
6,20,-0.06010042503476143
6,21,-0.054895367473363876
6,22,0.1506471037864685
6,23,0.016610264778137207
6,24,-0.03329019621014595
6,25,0.09822173416614532
6,26,0.009168881922960281
6,27,0.08507055789232254
6,28,-0.12398874014616013
6,29,-0.02852463908493519
6,30,-0.24930360913276672
6,31,0.00480672437697649
6,32,-0.036254435777664185
6,33,-0.04364973306655884
6,34,0.06146032363176346
6,35,0.014362224377691746
6,36,0.08609233796596527
6,37,0.03619995713233948
6,38,-0.06584709882736206
6,39,0.06555285304784775
6,40,0.011392246931791306
6,41,-0.005251601338386536
6,42,0.039755575358867645
6,43,0.009694790467619896
6,44,-0.20726990699768066
6,45,-0.08396770805120468
6,46,-0.005033235996961594
6,47,-0.06596727669239044
6,48,0.02912527695298195
6,49,0.08417459577322006
6,50,0.06344826519489288
6,51,-0.024540884420275688
6,52,0.014392346143722534
6,53,0.10601621866226196
6,54,0.07108305394649506
6,55,0.00819402001798153
6,56,0.0017526124138385057
6,57,-0.01615327037870884
6,58,0.010763958096504211
6,59,0.2005089968442917
6,60,-0.034564606845378876
6,61,-0.08010873943567276
6,62,-0.04755638167262077
6,63,0.005728722549974918
6,64,0.013891546986997128
6,65,-0.020990528166294098
6,66,0.17276042699813843
6,67,-0.008328557945787907
6,68,0.046884361654520035
6,69,0.04994213581085205
6,70,-0.0032507702708244324
6,71,-0.6215014457702637
6,72,0.019405268132686615
6,73,0.11080824583768845
6,74,0.006025101989507675
6,75,0.06196293234825134
6,76,-0.15201234817504883
6,77,-0.014316193759441376
6,78,-0.32389163970947266
6,79,-0.09801362454891205
6,80,-0.03910103067755699
6,81,0.1298975944519043
6,82,0.023523978888988495
6,83,0.08039604127407074
6,84,-0.03816475719213486
6,85,-0.0016513383015990257
6,86,0.009313125163316727
6,87,-0.043819814920425415
6,88,0.12177391350269318
6,89,-0.0913005992770195
6,90,-0.12076278775930405
6,91,-0.12656307220458984
6,92,0.23941685259342194
6,93,0.11118179559707642
6,94,0.02763686701655388
6,95,-0.11506472527980804
6,96,-0.0534057542681694
6,97,0.20255273580551147
6,98,-0.017931735143065453
6,99,-0.17017121613025665
6,100,-0.09760653227567673
6,101,0.25168463587760925
6,102,-0.07099083811044693
6,103,0.20500853657722473
6,104,-0.193439781665802
6,105,0.10840956121683121
6,106,0.06238419562578201
6,107,-0.0002835392951965332
6,108,-0.14669671654701233
6,109,0.04567179083824158
6,110,0.017194965854287148
6,111,0.03711831569671631
6,112,0.00013188272714614868
6,113,-0.007061660289764404
6,114,-0.02962321974337101
6,115,0.10953738540410995
6,116,-0.016514811664819717
6,117,0.2765182852745056
6,118,-0.032424576580524445
6,119,-0.014598062261939049
6,120,-0.0022076168097555637
6,121,-0.015341836959123611
6,122,-0.005791590083390474
6,123,0.023379553109407425
6,124,-0.06730587035417557
6,125,-0.048457469791173935
6,126,-0.04861085116863251
6,127,-0.0474151149392128
6,128,-0.014413474127650261
6,129,-0.06486229598522186
6,130,0.03281111642718315
6,131,-0.19606158137321472
6,132,0.010779306292533875
6,133,-0.023908577859401703
6,134,-0.029484327882528305
6,135,-0.05574352294206619
6,136,-0.03161429613828659
6,137,-0.022220339626073837
6,138,0.1408923864364624
6,139,-0.020889917388558388
6,140,0.034067463129758835
6,141,0.0036010153125971556
6,142,0.008773276582360268
6,143,0.10378021746873856
6,144,-0.03719065710902214
6,145,0.05077414959669113
6,146,-0.023897018283605576
6,147,0.0007138684159144759
6,148,0.21507740020751953
6,149,-0.12153777480125427
6,150,-0.042149532586336136
6,151,-0.019217871129512787
6,152,0.02595534175634384
6,153,-0.3962322771549225
6,154,0.015075300820171833
6,155,-0.002116034971550107
6,156,0.01645258069038391
6,157,0.10640192776918411
6,158,0.04219929873943329
6,159,0.0419657826423645
6,160,-0.31589818000793457
6,161,0.004989982582628727
6,162,0.018622271716594696
6,163,-0.18893694877624512
6,164,0.21228833496570587
6,165,0.07055843621492386
6,166,-0.020098209381103516
6,167,-0.0330541767179966
6,168,0.03765060752630234
6,169,0.058810845017433167
6,170,0.07638818770647049
6,171,-0.0757894515991211
6,172,-0.2653573155403137
6,173,0.03493458032608032
6,174,-0.034525927156209946
6,175,0.04133837670087814
6,176,-0.007695628330111504
6,177,0.0019388666842132807
6,178,-0.06822112947702408
6,179,-0.014545628800988197
6,180,-0.2906593978404999
6,181,0.30754685401916504
6,182,-0.1730080097913742
6,183,-0.0012136083096265793
6,184,0.020801790058612823
6,185,0.037211064249277115
6,186,-0.2565198242664337
6,187,0.023488249629735947
6,188,-0.036870796233415604
6,189,-0.07461049407720566
6,190,0.1770356446504593
6,191,-0.008354300633072853
6,192,0.04395747557282448
6,193,-0.021384842693805695
6,194,-0.27840128540992737
6,195,-0.026605170220136642
6,196,0.1944635957479477
6,197,0.0038794130086898804
6,198,0.009246140718460083
6,199,0.05947783216834068
6,200,-0.19567394256591797
6,201,0.040100228041410446
6,202,0.17776907980442047
6,203,0.0006888214265927672
6,204,-0.021764546632766724
6,205,-0.054007332772016525
6,206,-0.042922522872686386
6,207,0.018675856292247772
6,208,0.13572661578655243
6,209,0.02373691275715828
6,210,0.007802060339599848
6,211,-0.015544319525361061
6,212,0.03285149112343788
6,213,0.0471625030040741
6,214,0.06211204081773758
6,215,-0.009681709110736847
6,216,0.015265749767422676
6,217,0.10351184010505676
6,218,-0.1741853654384613
6,219,0.03298688679933548
6,220,0.0117212925106287
6,221,-0.12562240660190582
6,222,-0.051674194633960724
6,223,-0.23294197022914886
6,224,0.07020226120948792
6,225,0.011401542462408543
6,226,0.17161864042282104
6,227,0.10135184228420258
6,228,0.005785957910120487
6,229,0.027245432138442993
6,230,-0.06871706992387772
6,231,-0.04191392660140991
6,232,0.23977625370025635
6,233,-0.02901538461446762
6,234,0.0708426982164383
6,235,0.06447485834360123
6,236,0.06742700934410095
6,237,-0.010283490642905235
6,238,0.18428568542003632
6,239,-0.026251167058944702
6,240,0.4021349251270294
6,241,0.036693673580884933
6,242,0.17814847826957703
6,243,-0.027836229652166367
6,244,-0.05217783898115158
6,245,-0.04919711872935295
6,246,-0.03354032337665558
6,247,0.040267400443553925
6,248,-0.002137552946805954
6,249,0.03964870050549507
6,250,-0.031060997396707535
6,251,-0.16764084994792938
6,252,0.006370736751705408
6,253,-0.03843209519982338
6,254,-0.0012749272864311934
6,255,0.00549805723130703
6,256,0.16809618473052979
6,257,-0.03280067816376686
6,258,0.06321729719638824
6,259,0.05474930629134178
6,260,0.11054066568613052
6,261,0.036416810005903244
6,262,0.07700999081134796
6,263,-0.304740309715271
6,264,0.11615248024463654
6,265,-0.016805605962872505
6,266,-0.015326527878642082
6,267,0.09218276292085648
6,268,-0.06170596554875374
6,269,0.344056636095047
6,270,0.032254114747047424
6,271,-0.0060085877776145935
6,272,-0.03327006846666336
6,273,-0.040206603705883026
6,274,0.10006535798311234
6,275,0.006711742840707302
6,276,0.022772222757339478
6,277,0.04290603846311569
6,278,-0.028480032458901405
6,279,0.00315774604678154
6,280,-0.06765920668840408
6,281,-0.0028276159428060055
6,282,0.03078339993953705
6,283,-0.002664359752088785
6,284,0.06897222995758057
6,285,0.022522130981087685
6,286,0.07555072009563446
6,287,0.0014457926154136658
6,288,0.019979769363999367
6,289,0.02624962478876114
6,290,0.05271846055984497
6,291,-0.014793283306062222
6,292,-0.020323853939771652
6,293,-0.03882913663983345
6,294,0.24859726428985596
6,295,0.1958678811788559
6,296,-0.14391261339187622
6,297,0.05723585933446884
6,298,0.006100077647715807
6,299,-0.029052406549453735
8,0,-0.07164789736270905
8,1,-0.003917998168617487
8,2,0.11942508071660995
8,3,0.004366973415017128
8,4,0.06387057900428772
8,5,0.03473728522658348
8,6,0.02102482132613659
8,7,-0.042063262313604355
8,8,0.015276651829481125
8,9,-0.03387771174311638
8,10,-0.008252495899796486
8,11,0.11175963282585144
8,12,-0.007132132537662983
8,13,-0.030232638120651245
8,14,-0.006881628185510635
8,15,0.005285392515361309
8,16,0.06618592888116837
8,17,-0.05861838161945343
8,18,0.0015316455392166972
8,19,-0.0026462944224476814
8,20,-0.01429293304681778
8,21,-0.030585603788495064
8,22,0.09658260643482208
8,23,0.018223417922854424
8,24,0.009441893547773361
8,25,0.015599532052874565
8,26,-0.0003389023768249899
8,27,-0.04173312708735466
8,28,-0.011636298149824142
8,29,0.004101472906768322
8,30,-0.04428580775856972
8,31,-0.06880441308021545
8,32,0.028465772047638893
8,33,0.010475404560565948
8,34,0.006097279489040375
8,35,-0.002286085393279791
8,36,0.0077911983244121075
8,37,-0.0040988922119140625
8,38,0.0016876974841579795
8,39,-0.001815508003346622
8,40,-0.0034778593108057976
8,41,0.027311572805047035
8,42,-0.03392970189452171
8,43,0.08875627815723419
8,44,-0.027724966406822205
8,45,-0.02159123867750168
8,46,0.014813300222158432
8,47,-0.0450381301343441
8,48,0.09757005423307419
8,49,-0.047575585544109344
8,50,-0.0023877318017184734
8,51,-0.12306604534387589
8,52,-0.006016090512275696
8,53,0.026893721893429756
8,54,-0.22548025846481323
8,55,-0.006327344104647636
8,56,0.11201433837413788
8,57,0.003933093510568142
8,58,0.01732473261654377
8,59,0.016627443954348564
8,60,0.017628062516450882
8,61,-0.005490729585289955
8,62,-0.3012009859085083
8,63,-0.010306373238563538
8,64,0.010876128450036049
8,65,-0.02231343649327755
8,66,-0.023659879341721535
8,67,-0.048516180366277695
8,68,-0.0058980947360396385
8,69,-0.20966771245002747
8,70,0.1422673612833023
8,71,0.01797453686594963
8,72,0.026529550552368164
8,73,-0.21970632672309875
8,74,0.004552638623863459
8,75,0.009027129039168358
8,76,-0.009150376543402672
8,77,-0.0038624112494289875
8,78,0.011624306440353394
8,79,0.007886995561420918
8,80,0.008833715692162514
8,81,0.0026678116992115974
8,82,-0.03392413258552551
8,83,0.009513071738183498
8,84,-0.1037425547838211
8,85,-0.08070079982280731
8,86,0.033843014389276505
8,87,-0.002330279443413019
8,88,0.01558957900851965
8,89,0.002452267101034522
8,90,-0.0005800166400149465
8,91,-0.00648787897080183
8,92,-0.013448108918964863
8,93,-0.0108405202627182
8,94,0.007352909073233604
8,95,0.13708171248435974
8,96,-0.009532803669571877
8,97,0.11417847871780396
8,98,-0.0032850485295057297
8,99,0.017788950353860855
8,100,-0.1612771600484848
8,101,0.018554072827100754
8,102,-0.007338117808103561
8,103,0.010241976007819176
8,104,0.017886556684970856
8,105,0.003388672135770321
8,106,0.05494925379753113
8,107,-0.008387787267565727
8,108,0.005059842020273209
8,109,-0.00816703587770462
8,110,-0.011391807347536087
8,111,-0.05249393731355667
8,112,0.05730303004384041
8,113,-0.009693419560790062
8,114,-0.11865919828414917
8,115,0.02008948288857937
8,116,0.0026973511558026075
8,117,-0.016664480790495872
8,118,0.02152283675968647
8,119,-0.0734611228108406
8,120,0.06535802036523819
8,121,0.043026670813560486
8,122,-0.05690595135092735
8,123,0.0926978588104248
8,124,0.004769471473991871
8,125,0.07390832901000977
8,126,-0.0007231095805764198
8,127,0.052736494690179825
8,128,-0.00586770661175251
8,129,0.0875101163983345
8,130,-0.0373922735452652
8,131,-0.11325915157794952
8,132,0.0026585599407553673
8,133,0.03309468552470207
8,134,0.048871275037527084
8,135,-0.004604191519320011
8,136,0.025676395744085312
8,137,0.025159718468785286
8,138,0.0032555335201323032
8,139,0.008059206418693066
8,140,-0.04112311452627182
8,141,0.02015678398311138
8,142,-0.008544709533452988
8,143,0.0004682019352912903
8,144,0.04086543992161751
8,145,-0.019178573042154312
8,146,-0.009686155244708061
8,147,0.025148846209049225
8,148,0.009555681608617306
8,149,-0.0012299645459279418
8,150,0.0021609151735901833
8,151,0.007738499436527491
8,152,0.004964287858456373
8,153,-0.06252561509609222
8,154,0.02747969515621662
8,155,0.05605219304561615
8,156,-0.043798092752695084
8,157,0.008610720746219158
8,158,0.05790376290678978
8,159,0.005753977689892054
8,160,0.057457949966192245
8,161,9.650824358686805e-05
8,162,0.018430903553962708
8,163,0.24390392005443573
8,164,-0.0007652337662875652
8,165,0.007013759575784206
8,166,0.0005359592032618821
8,167,0.00303482124581933
8,168,-0.0003867910127155483
8,169,0.05898989737033844
8,170,0.023523719981312752
8,171,0.045580171048641205
8,172,-0.015613018535077572
8,173,0.05980219691991806
8,174,-0.026105323806405067
8,175,0.002648947760462761
8,176,-0.06660433113574982
8,177,-0.02593301236629486
8,178,-0.030739527195692062
8,179,-0.07868549972772598
8,180,0.01347997784614563
8,181,-0.0926312655210495
8,182,0.045158155262470245
8,183,-0.01241197157651186
8,184,-0.09654679149389267
8,185,0.0036296057514846325
8,186,-0.012118649668991566
8,187,6.013113306835294e-06
8,188,-0.030576413497328758
8,189,0.002894924022257328
8,190,0.02272981032729149
8,191,-0.15696290135383606
8,192,0.09519727528095245
8,193,0.029391584917902946
8,194,-0.00267640664242208
8,195,-0.019547581672668457
8,196,-0.052048347890377045
8,197,-0.04657526686787605
8,198,-0.03772339969873428
8,199,0.0003495216369628906
8,200,0.0003402747679501772
8,201,-0.01021812204271555
8,202,-0.018500182777643204
8,203,-0.013849802315235138
8,204,0.0011322925565764308
8,205,-0.017181549221277237
8,206,0.021618686616420746
8,207,-0.0010596798965707421
8,208,0.011304285377264023
8,209,-0.005426870658993721
8,210,-0.08329267799854279
8,211,-0.020804934203624725
8,212,-0.43577051162719727
8,213,0.02985352836549282
8,214,0.00035260035656392574
8,215,0.026091452687978745
8,216,-0.04341462627053261
8,217,-0.014618598856031895
8,218,0.09504611790180206
8,219,0.013569211587309837
8,220,0.0007613614434376359
8,221,-0.0029747961089015007
8,222,-0.06750693917274475
8,223,-0.08169934898614883
8,224,-0.015096461400389671
8,225,-0.0011434387415647507
8,226,-0.0013477609027177095
8,227,0.022778306156396866
8,228,0.38736388087272644
8,229,0.14411769807338715
8,230,-0.06033434346318245
8,231,-0.1518453061580658
8,232,-0.006272612139582634
8,233,0.008201314136385918
8,234,0.1220172643661499
8,235,-0.03882000595331192
8,236,-0.01850249245762825
8,237,0.03362926468253136
8,238,-0.008870485238730907
8,239,-0.014756809920072556
8,240,0.031179266050457954
8,241,0.03254079818725586
8,242,0.1354461908340454
8,243,0.08340275287628174
8,244,-0.0029768638778477907
8,245,-0.04289974272251129
8,246,-0.04650956392288208
8,247,0.052840910851955414
8,248,-0.02599639818072319
8,249,0.006450721062719822
8,250,-0.08269809931516647
8,251,0.016588306054472923
8,252,0.009272648952901363
8,253,-0.05673174932599068
8,254,0.04084467142820358
8,255,0.005965361837297678
8,256,0.028281787410378456
8,257,-0.02060186304152012
8,258,0.015040850266814232
8,259,-0.024200439453125
8,260,0.0019375995034351945
8,261,-0.004553942009806633
8,262,0.14587831497192383
8,263,0.007711077108979225
8,264,0.018333986401557922
8,265,-0.002983969636261463
8,266,0.009261473082005978
8,267,-0.0018130047246813774
8,268,-0.0019766686018556356
8,269,-0.003101180074736476
8,270,0.012104996480047703
8,271,-0.02972966618835926
8,272,0.03252260014414787
8,273,-0.013828607276082039
8,274,0.011430807411670685
8,275,-0.004032310098409653
8,276,0.03490060940384865
8,277,-0.001565699465572834
8,278,0.02886773645877838
8,279,-0.018587864935398102
8,280,0.003855047281831503
8,281,-0.004477899521589279
8,282,-0.0056078191846609116
8,283,0.006035240367054939
8,284,0.001849662745371461
8,285,0.011823215521872044
8,286,0.038935720920562744
8,287,-0.030271772295236588
8,288,0.05212986096739769
8,289,0.02443787455558777
8,290,0.07923884689807892
8,291,0.014010141603648663
8,292,0.012754752300679684
8,293,0.0011594241950660944
8,294,0.015102660283446312
8,295,0.020016711205244064
8,296,0.007331788539886475
8,297,-0.03284044936299324
8,298,0.000872179283760488
8,299,0.016897983849048615
10,0,0.0004929769784212112
10,1,-0.0026888519059866667
10,2,-0.003230092115700245
10,3,0.004181162919849157
10,4,-0.005571396555751562
10,5,-0.001374141313135624
10,6,0.003209794871509075
10,7,0.0782526433467865
10,8,0.008296222425997257
10,9,-0.002247156575322151
10,10,-0.0034404611214995384
10,11,-0.003252564463764429
10,12,-0.029293157160282135
10,13,-0.020521067082881927
10,14,-0.05676266551017761
10,15,-0.00031347107142210007
10,16,-0.005173799581825733
10,17,0.0036850697360932827
10,18,0.00394737534224987
10,19,0.0026811242569237947
10,20,-0.022496290504932404
10,21,0.037727389484643936
10,22,0.02228529378771782
10,23,0.00032507453579455614
10,24,-0.030371658504009247
10,25,-0.033392563462257385
10,26,0.007663842756301165
10,27,-0.006192639470100403
10,28,0.0007773303077556193
10,29,-0.041697271168231964
10,30,0.02062690630555153
10,31,0.002705874154344201
10,32,-0.0036585840862244368
10,33,0.17267966270446777
10,34,-0.012081391178071499
10,35,-0.008953522890806198
10,36,-4.903561784885824e-05
10,37,-0.004883670248091221
10,38,0.0009362158016301692
10,39,-0.014222212135791779
10,40,0.03281676769256592
10,41,0.0006251747254282236
10,42,0.022679682821035385
10,43,-0.000585179659537971
10,44,-0.020108893513679504
10,45,-0.038560252636671066
10,46,0.0001092059537768364
10,47,0.002229593228548765
10,48,0.0036129052750766277
10,49,0.0052959369495511055
10,50,0.010017873719334602
10,51,0.020239152014255524
10,52,0.0024394690990448
10,53,0.00593844149261713
10,54,-0.0026658661663532257
10,55,-0.0016932564321905375
10,56,0.0035693126264959574
10,57,0.08497447520494461
10,58,-0.0032802983187139034
10,59,-0.032763220369815826
10,60,-0.00026271413662470877
10,61,-0.0010430580005049706
10,62,0.017657848075032234
10,63,-0.006143668666481972
10,64,0.02626921236515045
10,65,-0.004268892575055361
10,66,0.0007550381124019623
10,67,-0.01744874007999897
10,68,0.005678963847458363
10,69,-0.007461589761078358
10,70,0.002917093690484762
10,71,-0.05187419801950455
10,72,0.00041382573544979095
10,73,0.003989284858107567
10,74,-0.02135278284549713
10,75,-0.008359570056200027
10,76,0.0008009306620806456
10,77,-0.0061906445771455765
10,78,-0.024150380864739418
10,79,0.007404922042042017
10,80,0.027550116181373596
10,81,-3.2025971449911594e-05
10,82,0.11930054426193237
10,83,0.010754663497209549
10,84,0.0003450114745646715
10,85,0.054746363312006
10,86,-0.0029399690683931112
10,87,0.00010566291894065216
10,88,0.0036520804278552532
10,89,-0.00018345267744734883
10,90,-0.036791786551475525
10,91,0.005036567337810993
10,92,0.0006909791845828295
10,93,-0.0023321525659412146
10,94,-0.008583287708461285
10,95,0.0019865394569933414
10,96,0.0017500530229881406
10,97,0.029307758435606956
10,98,-0.02448861300945282
10,99,0.015162056311964989
10,100,-0.004942268133163452
10,101,-0.015692085027694702
10,102,0.0445483960211277
10,103,0.0013133251341059804
10,104,0.036092400550842285
10,105,-0.0018426741007715464
10,106,0.0002786989789456129
10,107,0.12117138504981995
10,108,0.0057494156062603
10,109,-0.006656961981207132
10,110,-0.0047527700662612915
10,111,-0.0024465296883136034
10,112,-0.017740411683917046
10,113,0.00024750130251049995
10,114,0.011778609827160835
10,115,0.00035772682167589664
10,116,-0.00044546028948388994
10,117,0.007362082600593567
10,118,0.0038949893787503242
10,119,0.017497720196843147
10,120,0.0023237469140440226
10,121,-0.00016495888121426105
10,122,0.007599230390042067
10,123,-0.0003704716800712049
10,124,-0.005310728680342436
10,125,0.011055314913392067
10,126,0.028873583301901817
10,127,0.0005825594998896122
10,128,0.016735680401325226
10,129,0.003750771749764681
10,130,-0.01756465435028076
10,131,-0.0028854345437139273
10,132,0.009576469659805298
10,133,0.01890234835445881
10,134,-0.00808180682361126
10,135,4.2557105189189315e-05
10,136,-0.00011116574751213193
10,137,0.003338832873851061
10,138,-0.0022797458805143833
10,139,-0.0031327337492257357
10,140,0.005994610488414764
10,141,0.005274322349578142
10,142,0.00033823761623352766
10,143,-0.004607648588716984
10,144,0.04232614114880562
10,145,0.002598539227619767
10,146,0.0013872769195586443
10,147,-0.010185325518250465
10,148,0.009121129289269447
10,149,-0.4265325963497162
10,150,0.0010057984618470073
10,151,0.015535086393356323
10,152,0.015779271721839905
10,153,-0.003815304022282362
10,154,0.0027970399241894484
10,155,-0.03362545371055603
10,156,-0.00030238015460781753
10,157,0.0036923689767718315
10,158,0.005149877164512873
10,159,0.008538414724171162
10,160,0.003972365986555815
10,161,0.01804831251502037
10,162,-0.010021892376244068
10,163,0.032433830201625824
10,164,-0.0412142388522625
10,165,-0.009090069681406021
10,166,0.0018903387244790792
10,167,-0.008128105662763119
10,168,0.015982752665877342
10,169,-0.0017543656285852194
10,170,0.009819013066589832
10,171,0.014563875272870064
10,172,0.018186040222644806
10,173,0.00729885371401906
10,174,0.0019489079713821411
10,175,-0.012742053717374802
10,176,0.0051705180667340755
10,177,-0.004050065763294697
10,178,0.00708394031971693
10,179,0.0008780598873272538
10,180,-0.0025680859107524157
10,181,0.0008747149258852005
10,182,0.0024715671315789223
10,183,0.017655787989497185
10,184,0.02753826417028904
10,185,0.015781041234731674
10,186,-0.00681149959564209
10,187,0.01931042969226837
10,188,-0.00011807818373199552
10,189,0.0008433913462795317
10,190,0.002290381584316492
10,191,-0.0021381776314228773
10,192,0.0012055784463882446
10,193,0.0003444280009716749
10,194,0.0460301898419857
10,195,0.0024267614353448153
10,196,0.011930304579436779
10,197,-0.0015878024278208613
10,198,-0.0007431621197611094
10,199,0.017116881906986237
10,200,-0.0007574275368824601
10,201,0.00040180026553571224
10,202,0.021702151745557785
10,203,-0.016307251527905464
10,204,-0.007085495628416538
10,205,0.06518526375293732
10,206,-0.004921223036944866
10,207,-0.0018115818966180086
10,208,-0.010303960181772709
10,209,0.005079805850982666
10,210,-0.11292784661054611
10,211,0.0009260717779397964
10,212,-0.004646209068596363
10,213,0.0013210668694227934
10,214,-0.19325034320354462
10,215,-0.0012886554468423128
10,216,0.01127720158547163
10,217,-0.030773205682635307
10,218,-0.00405088160187006
10,219,0.005808830261230469
10,220,0.0037419337313622236
10,221,-0.011855003423988819
10,222,1.8865568563342094e-05
10,223,0.0015423253644257784
10,224,-0.008943573571741581
10,225,-0.001850204193033278
10,226,0.08362677693367004
10,227,0.002264860551804304
10,228,-0.008826377801597118
10,229,0.009936625137925148
10,230,0.003904359880834818
10,231,-0.006071202456951141
10,232,-0.018932923674583435
10,233,-0.004548472817987204
10,234,-0.10810484737157822
10,235,0.024951566010713577
10,236,-0.0002611757954582572
10,237,-0.003050635103136301
10,238,-0.0006992614362388849
10,239,-0.0059413425624370575
10,240,0.0069326311349868774
10,241,0.06730938702821732
10,242,-0.02535475790500641
10,243,0.0466521680355072
10,244,0.013829140923917294
10,245,0.0005361784133128822
10,246,-0.10202851891517639
10,247,-0.002683130092918873
10,248,-0.0023511324543505907
10,249,-0.0004663802101276815
10,250,0.0031830996740609407
10,251,-0.01928703859448433
10,252,-0.01412739884108305
10,253,0.0058400556445121765
10,254,-0.01831931620836258
10,255,-0.00578319514170289
10,256,-0.00023132716887630522
10,257,0.013931415043771267
10,258,-0.00672359811142087
10,259,-0.0006152560235932469
10,260,-0.02837490476667881
10,261,-0.003514980897307396
10,262,-0.056896623224020004
10,263,0.0014663214096799493
10,264,0.0010354506084695458
10,265,0.004831254016608
10,266,0.00015511683886870742
10,267,0.002953236922621727
10,268,0.00700268754735589
10,269,0.0007858938188292086
10,270,0.008531326428055763
10,271,0.048771344125270844
10,272,-0.016361668705940247
10,273,-0.022153394296765327
10,274,-0.015119314193725586
10,275,0.0005814502364955842
10,276,0.005808749236166477
10,277,-0.010809993371367455
10,278,0.0033914619125425816
10,279,0.0003110230900347233
10,280,-0.09281953424215317
10,281,0.021526586264371872
10,282,-0.0184129998087883
10,283,-0.013381008990108967
10,284,-0.0031083852518349886
10,285,-0.022775689139962196
10,286,-0.001031134044751525
10,287,-0.0072972592897713184
10,288,-0.07191015779972076
10,289,0.0023696795105934143
10,290,-0.007587789557874203
10,291,-0.028339866548776627
10,292,0.06402134895324707
10,293,-0.015735730528831482
10,294,0.01152717787772417
10,295,0.00548210833221674
10,296,0.02182716690003872
10,297,-0.04773665592074394
10,298,-0.04786497354507446
10,299,-0.021369049325585365
12,0,-0.0012778163654729724
12,1,0.0008648466318845749
12,2,0.01176529098302126
12,3,-0.00914506334811449
12,4,0.005949218757450581
12,5,0.0008278317982330918
12,6,0.0044716279953718185
12,7,-0.0013433709973469377
12,8,0.0001577556977281347
12,9,0.0009034606628119946
12,10,0.009711546823382378
12,11,-0.012414493598043919
12,12,0.02795390971004963
12,13,0.00042363081593066454
12,14,-0.007459042128175497
12,15,-0.005140668712556362
12,16,0.034495119005441666
12,17,-0.0037329569458961487
12,18,0.0006456575356423855
12,19,0.00019693991634994745
12,20,0.0069985948503017426
12,21,0.0016167685389518738
12,22,0.02319822460412979
12,23,-0.0020493189804255962
12,24,-0.06881088018417358
12,25,0.015674011781811714
12,26,-0.000501383445225656
12,27,0.0015336947981268167
12,28,-0.004015573300421238
12,29,0.0003052708925679326
12,30,0.006233456544578075
12,31,-0.0033378328662365675
12,32,0.0023013539612293243
12,33,0.00013640419638250023
12,34,0.0013953445013612509
12,35,0.0004871001292485744
12,36,-4.103098763152957e-05
12,37,0.0033941862639039755
12,38,-0.011073555797338486
12,39,-0.000818846165202558
12,40,-0.0017132023349404335
12,41,-0.0005309272673912346
12,42,0.015698930248618126
12,43,-0.0005786686670035124
12,44,-0.004343769978731871
12,45,-0.0017339629121124744
12,46,0.001334305852651596
12,47,2.671481342986226e-05
12,48,0.007674077991396189
12,49,0.00038090161979198456
12,50,0.014257322065532207
12,51,0.0002637298312038183
12,52,-0.005437011830508709
12,53,0.002767563797533512
12,54,-0.0065340809524059296
12,55,-0.006191527005285025
12,56,-0.0013335795374587178
12,57,0.03592539578676224
12,58,0.0029545773286372423
12,59,0.02527487464249134
12,60,0.02425144985318184
12,61,-0.008063276298344135
12,62,-0.00043977703899145126
12,63,-0.0019279932603240013
12,64,0.0040083518251776695
12,65,0.0024377822410315275
12,66,0.015433419495821
12,67,0.0009535338031128049
12,68,-0.017030198127031326
12,69,0.003378349356353283
12,70,-0.0007982895476743579
12,71,-0.0202539823949337
12,72,-0.0021457935217767954
12,73,-0.0006465977057814598
12,74,0.0035205066669732332
12,75,0.0033464008010923862
12,76,0.0024298096541315317
12,77,0.0006268506404012442
12,78,-0.0033822094555944204
12,79,-0.001172402175143361
12,80,0.0035965032875537872
12,81,-0.004432556219398975
12,82,0.010543297976255417
12,83,0.004832192324101925
12,84,-0.0018408228643238544
12,85,0.0002457112423144281
12,86,0.00042172789108008146
12,87,0.007417810615152121
12,88,0.0029288223013281822
12,89,0.004008784890174866
12,90,-0.006307838950306177
12,91,-0.04609744995832443
12,92,-0.0017210154328495264
12,93,0.015953652560710907
12,94,0.0013685119338333607
12,95,-0.0070304423570632935
12,96,0.05385521799325943
12,97,-0.00025746249593794346
12,98,0.014195791445672512
12,99,0.019348766654729843
12,100,-0.005209187511354685
12,101,0.0003747081500478089
12,102,0.005872048903256655
12,103,0.06455966085195541
12,104,-0.00014663860201835632
12,105,0.0007330126827582717
12,106,-0.001450319541618228
12,107,-0.00666028680279851
12,108,-0.0012207833351567388
12,109,-0.0026680913288146257
12,110,-0.003969146870076656
12,111,0.0052537256851792336
12,112,-0.0006553701241500676
12,113,0.002914917189627886
12,114,-7.947278209030628e-05
12,115,0.0009744533454068005
12,116,-0.01341290958225727
12,117,-0.005767162889242172
12,118,-0.0027359328232705593
12,119,0.004062238615006208
12,120,0.0004437702300492674
12,121,0.01071262639015913
12,122,0.01327773742377758
12,123,-0.001171401934698224
12,124,0.010313786566257477
12,125,1.8901944713434204e-05
12,126,0.006994131952524185
12,127,-0.001776793273165822
12,128,-0.017308155074715614
12,129,-3.864275640808046e-05
12,130,0.0114369485527277
12,131,-9.142425551544875e-05
12,132,0.005106186028569937
12,133,0.01605861634016037
12,134,-9.195783059112728e-05
12,135,0.0034810462966561317
12,136,0.019147707149386406
12,137,0.0003323502605780959
12,138,-0.0051775965839624405
12,139,0.001950468635186553
12,140,0.001963114831596613
12,141,-9.59769677137956e-05
12,142,-0.0012913767714053392
12,143,-0.004344296175986528
12,144,-2.2524502128362656e-05
12,145,0.0021993012633174658
12,146,-0.0005855592899024487
12,147,-0.021499285474419594
12,148,-0.0006925705820322037
12,149,0.0012027223128825426
12,150,0.008994458243250847
12,151,0.004165886901319027
12,152,0.020665045827627182
12,153,-0.003505958942696452
12,154,-0.009658394381403923
12,155,0.008635751903057098
12,156,0.0010294013191014528
12,157,-0.0016480394406244159
12,158,-0.004319534637033939
12,159,-0.004485324025154114
12,160,0.06450473517179489
12,161,0.0002535593812353909
12,162,1.8419232219457626e-05
12,163,-0.00103058572858572
12,164,-0.004739237949252129
12,165,0.0015873219817876816
12,166,-0.002923897933214903
12,167,0.0013899265322834253
12,168,-0.0008462362457066774
12,169,0.003145247232168913
12,170,0.0025872690603137016
12,171,-6.155144365038723e-05
12,172,0.015398884192109108
12,173,-0.0003745824215002358
12,174,-0.00016351137310266495
12,175,0.0008931434713304043
12,176,0.012591248378157616
12,177,-0.0021257088519632816
12,178,0.002833395265042782
12,179,0.000258412939729169
12,180,-0.011078856885433197
12,181,0.03499451279640198
12,182,-0.0029902313835918903
12,183,0.04120820760726929
12,184,-0.007701275870203972
12,185,0.018794694915413857
12,186,0.022662660107016563
12,187,-0.0009915465489029884
12,188,-0.00015880716091487557
12,189,-0.0031651246827095747
12,190,-0.01832255721092224
12,191,-0.005094890482723713
12,192,0.011183055117726326
12,193,0.00010976585326716304
12,194,0.03668852150440216
12,195,0.003688796889036894
12,196,-0.005992061924189329
12,197,0.006467700935900211
12,198,-0.0019071833230555058
12,199,0.002105643739923835
12,200,-0.0017523432616144419
12,201,0.00025781229487620294
12,202,0.005668933503329754
12,203,-0.005041028372943401
12,204,-0.0034419065341353416
12,205,-0.00964963249862194
12,206,-0.0009858716512098908
12,207,0.0007556852651759982
12,208,0.0016624159179627895
12,209,0.0009812223725020885
12,210,-0.0013621875550597906
12,211,-0.002473250962793827
12,212,3.242275124648586e-05
12,213,-0.0088670514523983
12,214,0.0025623920373618603
12,215,-0.010908231139183044
12,216,-0.00054084078874439
12,217,0.04299820587038994
12,218,-0.019868507981300354
12,219,0.010601337067782879
12,220,0.014394780620932579
12,221,0.03642214462161064
12,222,0.00041081919334828854
12,223,-0.0005601861048489809
12,224,-0.0016478204634040594
12,225,0.015347052365541458
12,226,-0.015155775472521782
12,227,0.011707514524459839
12,228,-0.0014827358536422253
12,229,-0.006443348713219166
12,230,-0.0472165122628212
12,231,0.0038784584030508995
12,232,-0.005540153943002224
12,233,-0.012283841148018837
12,234,-8.31371289677918e-06
12,235,0.0031580599024891853
12,236,0.002471889602020383
12,237,0.0018073278479278088
12,238,0.002358310855925083
12,239,8.392130257561803e-05
12,240,0.0005782442167401314
12,241,-0.0019555261824280024
12,242,-0.0011768268886953592
12,243,0.04327203705906868
12,244,0.0038281776942312717
12,245,0.0005436774808913469
12,246,-0.0003618295304477215
12,247,-0.002146712504327297
12,248,0.002077286597341299
12,249,0.12706059217453003
12,250,0.026451444253325462
12,251,-0.21533632278442383
12,252,-0.030923277139663696
12,253,0.0008448886801488698
12,254,-0.0007746705086901784
12,255,-0.005718572065234184
12,256,0.014052875339984894
12,257,-0.0029421967919915915
12,258,0.001749558956362307
12,259,-0.002521450398489833
12,260,-0.0012708057183772326
12,261,-0.011634428054094315
12,262,0.007786317728459835
12,263,0.0004372205294203013
12,264,-0.003121426096186042
12,265,-0.004057123325765133
12,266,-0.00425446592271328
12,267,0.002589438809081912
12,268,-0.0027020983397960663
12,269,-0.0031567728146910667
12,270,-0.001415891107171774
12,271,0.003541595069691539
12,272,-0.08812175691127777
12,273,0.030996421352028847
12,274,0.00012389529729261994
12,275,-0.0015537940198555589
12,276,0.013214393518865108
12,277,-0.0137806236743927
12,278,0.0002129643689841032
12,279,0.03397708386182785
12,280,0.0026054130867123604
12,281,-0.0004305620677769184
12,282,0.006289005279541016
12,283,-2.8215814381837845e-05
12,284,-0.004807670600712299
12,285,0.0005069077014923096
12,286,-8.714746218174696e-05
12,287,-0.03143339604139328
12,288,-0.004205972421914339
12,289,0.01159558817744255
12,290,0.008581145666539669
12,291,0.00035267858766019344
12,292,0.004575620871037245
12,293,0.018022434785962105
12,294,0.0002234108542324975
12,295,-0.02744094282388687
12,296,-0.0010623964481055737
12,297,-0.0004690737696364522
12,298,0.0035347072407603264
12,299,-0.0026765530928969383
