dataset,control,size_frac,seed,n_train,n_params,accuracy,precision,recall_sensitivity,specificity,f1,auc_roc,train_time_sec,final_loss,control_label,size_pct
WDBC,A,0.1,0,45,73,0.9561403508771931,0.9743589743589741,0.9047619047619041,0.986111111111111,0.9382716049382711,0.9963624338624331,0.8817980289459221,0.039229478687047,"Control A (Hybrid VQC, 73p)",10
WDBC,B,0.1,0,45,73,0.9561403508771931,1.0,0.88095238095238,1.0,0.9367088607594931,0.996031746031746,0.018093109130859,0.027490453794598003,"Control B (Classical MLP, 73p)",10
WDBC,C,0.1,0,45,73,0.9561403508771931,1.0,0.88095238095238,1.0,0.9367088607594931,0.9940476190476191,0.8052408695220941,0.026418276131153003,Control C (Ablated Entanglement),10
WDBC,D,0.1,0,45,49,0.9473684210526311,0.973684210526315,0.88095238095238,0.986111111111111,0.925,0.995701058201058,0.6487243175506591,0.073139071464538,Control D (Frozen Feature Map),10
WDBC,A,0.1,1,45,73,0.8859649122807011,0.9677419354838711,0.7142857142857141,0.986111111111111,0.821917808219178,0.988095238095238,0.7865715026855461,0.001147405360825,"Control A (Hybrid VQC, 73p)",10
WDBC,B,0.1,1,45,73,0.912280701754385,1.0,0.7619047619047611,1.0,0.864864864864864,0.991071428571428,0.015201568603515,0.009550085291266,"Control B (Classical MLP, 73p)",10
WDBC,C,0.1,1,45,73,0.8859649122807011,0.9677419354838711,0.7142857142857141,0.986111111111111,0.821917808219178,0.9897486772486771,0.6701722145080561,0.003013749141246,Control C (Ablated Entanglement),10
WDBC,D,0.1,1,45,49,0.8771929824561401,0.9666666666666661,0.69047619047619,0.986111111111111,0.805555555555555,0.9639550264550261,0.640109062194824,0.053378921002149006,Control D (Frozen Feature Map),10
WDBC,A,0.1,2,45,73,0.8859649122807011,0.8918918918918911,0.785714285714285,0.9444444444444441,0.8354430379746831,0.9738756613756611,0.770091533660888,0.0023888756986700003,"Control A (Hybrid VQC, 73p)",10
WDBC,B,0.1,2,45,73,0.8859649122807011,0.8918918918918911,0.785714285714285,0.9444444444444441,0.8354430379746831,0.9738756613756611,0.020014286041259002,0.006471150554716001,"Control B (Classical MLP, 73p)",10
WDBC,C,0.1,2,45,73,0.8859649122807011,0.8918918918918911,0.785714285714285,0.9444444444444441,0.8354430379746831,0.9728835978835971,0.675408601760864,0.011623631231486001,Control C (Ablated Entanglement),10
WDBC,D,0.1,2,45,49,0.903508771929824,0.897435897435897,0.833333333333333,0.9444444444444441,0.864197530864197,0.98313492063492,0.6228730678558351,0.07341493666172001,Control D (Frozen Feature Map),10
WDBC,A,0.1,3,45,73,0.9561403508771931,0.9302325581395341,0.9523809523809521,0.958333333333333,0.9411764705882351,0.9914021164021161,0.778594017028808,0.0028305416926740004,"Control A (Hybrid VQC, 73p)",10
WDBC,B,0.1,3,45,73,0.982456140350877,0.976190476190476,0.976190476190476,0.986111111111111,0.976190476190476,0.998015873015873,0.016865968704223,0.004639004357159001,"Control B (Classical MLP, 73p)",10
WDBC,C,0.1,3,45,73,0.9912280701754381,1.0,0.976190476190476,1.0,0.9879518072289151,0.99834656084656,0.6580817699432371,0.0018450767965980002,Control C (Ablated Entanglement),10
WDBC,D,0.1,3,45,49,0.982456140350877,0.976190476190476,0.976190476190476,0.986111111111111,0.976190476190476,0.99834656084656,0.628797531127929,0.06765032559633201,Control D (Frozen Feature Map),10
WDBC,A,0.1,4,45,73,0.9385964912280701,0.9487179487179481,0.88095238095238,0.9722222222222221,0.9135802469135801,0.993716931216931,0.7755663394927971,0.001817064825445,"Control A (Hybrid VQC, 73p)",10
WDBC,B,0.1,4,45,73,0.9561403508771931,0.951219512195121,0.928571428571428,0.9722222222222221,0.9397590361445781,0.993386243386243,0.017330646514892002,0.004389308393001,"Control B (Classical MLP, 73p)",10
WDBC,C,0.1,4,45,73,0.9473684210526311,0.973684210526315,0.88095238095238,0.986111111111111,0.925,0.9963624338624341,0.686273574829101,0.005420536268502,Control C (Ablated Entanglement),10
WDBC,D,0.1,4,45,49,0.9210526315789471,0.945945945945945,0.833333333333333,0.9722222222222221,0.8860759493670881,0.9897486772486771,0.6444151401519771,0.136796161532402,Control D (Frozen Feature Map),10
WDBC,A,0.1,5,45,73,0.9473684210526311,1.0,0.8571428571428571,1.0,0.923076923076923,0.9973544973544971,0.7793562412261961,0.0059178518131370005,"Control A (Hybrid VQC, 73p)",10
WDBC,B,0.1,5,45,73,0.9473684210526311,1.0,0.8571428571428571,1.0,0.923076923076923,0.9993386243386241,0.014585494995117002,0.019385023042559003,"Control B (Classical MLP, 73p)",10
WDBC,C,0.1,5,45,73,0.9561403508771931,1.0,0.88095238095238,1.0,0.9367088607594931,0.998015873015873,0.656046628952026,0.015570053830742002,Control C (Ablated Entanglement),10
WDBC,D,0.1,5,45,49,0.9210526315789471,1.0,0.785714285714285,1.0,0.88,0.9953703703703701,0.619205951690673,0.123322516679763,Control D (Frozen Feature Map),10
WDBC,A,0.1,6,45,73,0.9210526315789471,0.9714285714285711,0.8095238095238091,0.986111111111111,0.8831168831168831,0.9844576719576711,0.7766151428222651,0.008100245147943,"Control A (Hybrid VQC, 73p)",10
WDBC,B,0.1,6,45,73,0.9298245614035081,0.9722222222222221,0.833333333333333,0.986111111111111,0.897435897435897,0.9900793650793651,0.013319492340087,0.013285062275826001,"Control B (Classical MLP, 73p)",10
WDBC,C,0.1,6,45,73,0.9210526315789471,0.9714285714285711,0.8095238095238091,0.986111111111111,0.8831168831168831,0.986111111111111,0.6820857524871821,0.019711406901478,Control C (Ablated Entanglement),10
WDBC,D,0.1,6,45,49,0.9298245614035081,0.9722222222222221,0.833333333333333,0.986111111111111,0.897435897435897,0.985780423280423,0.6186110973358151,0.100534923374652,Control D (Frozen Feature Map),10
WDBC,A,0.1,7,45,73,0.912280701754385,0.9210526315789471,0.833333333333333,0.958333333333333,0.875,0.978174603174603,0.7417140007019041,0.042093280702829,"Control A (Hybrid VQC, 73p)",10
WDBC,B,0.1,7,45,73,0.964912280701754,0.975,0.928571428571428,0.986111111111111,0.951219512195121,0.995701058201058,0.015796422958374003,0.023023191839456003,"Control B (Classical MLP, 73p)",10
WDBC,C,0.1,7,45,73,0.9561403508771931,0.9743589743589741,0.9047619047619041,0.986111111111111,0.9382716049382711,0.995701058201058,0.6658918857574461,0.015627844259142,Control C (Ablated Entanglement),10
WDBC,D,0.1,7,45,49,0.9473684210526311,0.928571428571428,0.928571428571428,0.958333333333333,0.928571428571428,0.9871031746031741,0.63421893119812,0.19156596064567502,Control D (Frozen Feature Map),10
WDBC,A,0.1,8,45,73,0.9561403508771931,0.951219512195121,0.928571428571428,0.9722222222222221,0.9397590361445781,0.9927248677248671,0.764290332794189,0.036893866956233,"Control A (Hybrid VQC, 73p)",10
WDBC,B,0.1,8,45,73,0.9385964912280701,0.972972972972973,0.8571428571428571,0.986111111111111,0.9113924050632911,0.985780423280423,0.010123968124389001,0.031771086156368006,"Control B (Classical MLP, 73p)",10
WDBC,C,0.1,8,45,73,0.9473684210526311,0.9500000000000001,0.9047619047619041,0.9722222222222221,0.9268292682926831,0.9871031746031741,0.6854314804077141,0.024806551635265003,Control C (Ablated Entanglement),10
WDBC,D,0.1,8,45,49,0.964912280701754,0.975,0.928571428571428,0.986111111111111,0.951219512195121,0.9920634920634921,0.6631953716278071,0.06731678545475,Control D (Frozen Feature Map),10
WDBC,A,0.1,9,45,73,0.9298245614035081,0.9473684210526311,0.8571428571428571,0.9722222222222221,0.9,0.970568783068783,0.825630187988281,0.0055070267990230005,"Control A (Hybrid VQC, 73p)",10
WDBC,B,0.1,9,45,73,0.9385964912280701,0.9487179487179481,0.88095238095238,0.9722222222222221,0.9135802469135801,0.9887566137566131,0.015900373458862003,0.010368078015744001,"Control B (Classical MLP, 73p)",10
WDBC,C,0.1,9,45,73,0.9210526315789471,0.923076923076923,0.8571428571428571,0.958333333333333,0.8888888888888881,0.9824735449735451,0.6828231811523431,0.005108780227601001,Control C (Ablated Entanglement),10
WDBC,D,0.1,9,45,49,0.9210526315789471,0.923076923076923,0.8571428571428571,0.958333333333333,0.8888888888888881,0.9847883597883591,0.6680328845977781,0.038256365805864,Control D (Frozen Feature Map),10
WDBC,A,0.25,0,113,73,0.973684210526315,0.9534883720930231,0.976190476190476,0.9722222222222221,0.9647058823529411,0.9973544973544971,1.013100862503051,0.07206115126609801,"Control A (Hybrid VQC, 73p)",25
WDBC,B,0.25,0,113,73,0.9912280701754381,1.0,0.976190476190476,1.0,0.9879518072289151,0.998677248677248,0.016039133071899,0.063659287989139,"Control B (Classical MLP, 73p)",25
WDBC,C,0.25,0,113,73,0.973684210526315,0.9756097560975611,0.9523809523809521,0.986111111111111,0.9638554216867471,0.9976851851851851,0.9052152633666991,0.052814893424510005,Control C (Ablated Entanglement),25
WDBC,D,0.25,0,113,49,0.982456140350877,0.976190476190476,0.976190476190476,0.986111111111111,0.976190476190476,0.99834656084656,0.848196744918823,0.09591693431138901,Control D (Frozen Feature Map),25
WDBC,A,0.25,1,113,73,0.9561403508771931,0.9302325581395341,0.9523809523809521,0.958333333333333,0.9411764705882351,0.9953703703703701,1.081932067871093,0.024069366976618004,"Control A (Hybrid VQC, 73p)",25
WDBC,B,0.25,1,113,73,0.9473684210526311,0.9090909090909091,0.9523809523809521,0.9444444444444441,0.9302325581395341,0.9947089947089941,0.018934726715087002,0.051115151494741,"Control B (Classical MLP, 73p)",25
WDBC,C,0.25,1,113,73,0.9561403508771931,0.9302325581395341,0.9523809523809521,0.958333333333333,0.9411764705882351,0.9950396825396821,0.892585277557373,0.024148823693394002,Control C (Ablated Entanglement),25
WDBC,D,0.25,1,113,49,0.9561403508771931,0.951219512195121,0.928571428571428,0.9722222222222221,0.9397590361445781,0.993055555555555,0.838566303253173,0.11524166911840401,Control D (Frozen Feature Map),25
WDBC,A,0.25,2,113,73,0.9385964912280701,0.9487179487179481,0.88095238095238,0.9722222222222221,0.9135802469135801,0.9950396825396821,1.004972457885742,0.08877541869878701,"Control A (Hybrid VQC, 73p)",25
WDBC,B,0.25,2,113,73,0.9473684210526311,0.973684210526315,0.88095238095238,0.986111111111111,0.925,0.996031746031746,0.021859169006347,0.08040046691894501,"Control B (Classical MLP, 73p)",25
WDBC,C,0.25,2,113,73,0.9473684210526311,0.973684210526315,0.88095238095238,0.986111111111111,0.925,0.9953703703703701,0.899827003479003,0.07904977351427,Control C (Ablated Entanglement),25
WDBC,D,0.25,2,113,49,0.9561403508771931,0.9743589743589741,0.9047619047619041,0.986111111111111,0.9382716049382711,0.996031746031746,0.853132009506225,0.13032981753349301,Control D (Frozen Feature Map),25
WDBC,A,0.25,3,113,73,0.9561403508771931,1.0,0.88095238095238,1.0,0.9367088607594931,0.9970238095238091,1.111677169799804,0.040768519043922,"Control A (Hybrid VQC, 73p)",25
WDBC,B,0.25,3,113,73,0.973684210526315,1.0,0.928571428571428,1.0,0.962962962962962,0.9900793650793651,0.020914316177368,0.058886025100946,"Control B (Classical MLP, 73p)",25
WDBC,C,0.25,3,113,73,0.973684210526315,1.0,0.928571428571428,1.0,0.962962962962962,0.998677248677248,1.006819725036621,0.039449665695428,Control C (Ablated Entanglement),25
WDBC,D,0.25,3,113,49,0.964912280701754,0.975,0.928571428571428,0.986111111111111,0.951219512195121,0.998677248677248,0.8827989101409911,0.110472843050956,Control D (Frozen Feature Map),25
WDBC,A,0.25,4,113,73,0.982456140350877,1.0,0.9523809523809521,1.0,0.9756097560975611,1.0,1.125123500823974,0.082503080368041,"Control A (Hybrid VQC, 73p)",25
WDBC,B,0.25,4,113,73,0.9912280701754381,1.0,0.976190476190476,1.0,0.9879518072289151,0.9990079365079361,0.020732164382934,0.091901458799839,"Control B (Classical MLP, 73p)",25
WDBC,C,0.25,4,113,73,0.982456140350877,1.0,0.9523809523809521,1.0,0.9756097560975611,0.998677248677248,0.9927341938018791,0.079524271190166,Control C (Ablated Entanglement),25
WDBC,D,0.25,4,113,49,0.973684210526315,0.9756097560975611,0.9523809523809521,0.986111111111111,0.9638554216867471,0.9963624338624331,0.893944978713989,0.19109492003917602,Control D (Frozen Feature Map),25
WDBC,A,0.25,5,113,73,0.9561403508771931,1.0,0.88095238095238,1.0,0.9367088607594931,0.998015873015873,1.113621950149536,0.005811777431517001,"Control A (Hybrid VQC, 73p)",25
WDBC,B,0.25,5,113,73,0.964912280701754,1.0,0.9047619047619041,1.0,0.9500000000000001,0.996031746031746,0.021574974060058,0.028029460459947003,"Control B (Classical MLP, 73p)",25
WDBC,C,0.25,5,113,73,0.9561403508771931,1.0,0.88095238095238,1.0,0.9367088607594931,0.9973544973544971,1.00045371055603,0.01231019757688,Control C (Ablated Entanglement),25
WDBC,D,0.25,5,113,49,0.9561403508771931,1.0,0.88095238095238,1.0,0.9367088607594931,0.998015873015873,0.892277240753173,0.131243541836738,Control D (Frozen Feature Map),25
WDBC,A,0.25,6,113,73,0.9385964912280701,0.972972972972973,0.8571428571428571,0.986111111111111,0.9113924050632911,0.9940476190476191,1.098419427871704,0.040277328342199006,"Control A (Hybrid VQC, 73p)",25
WDBC,B,0.25,6,113,73,0.9473684210526311,0.973684210526315,0.88095238095238,0.986111111111111,0.925,0.993716931216931,0.021351575851440003,0.036037165671586005,"Control B (Classical MLP, 73p)",25
WDBC,C,0.25,6,113,73,0.9473684210526311,1.0,0.8571428571428571,1.0,0.923076923076923,0.9947089947089941,1.013901233673095,0.048782754689455005,Control C (Ablated Entanglement),25
WDBC,D,0.25,6,113,49,0.8684210526315791,0.9354838709677411,0.69047619047619,0.9722222222222221,0.7945205479452051,0.9765211640211641,0.8958213329315181,0.154665678739547,Control D (Frozen Feature Map),25
WDBC,A,0.25,7,113,73,0.9298245614035081,1.0,0.8095238095238091,1.0,0.894736842105263,0.9953703703703701,1.09564995765686,0.051117002964019005,"Control A (Hybrid VQC, 73p)",25
WDBC,B,0.25,7,113,73,0.9298245614035081,0.9722222222222221,0.833333333333333,0.986111111111111,0.897435897435897,0.9963624338624331,0.02070927619934,0.046586599200963,"Control B (Classical MLP, 73p)",25
WDBC,C,0.25,7,113,73,0.9561403508771931,1.0,0.88095238095238,1.0,0.9367088607594931,0.9973544973544971,0.985464572906494,0.039170283824205,Control C (Ablated Entanglement),25
WDBC,D,0.25,7,113,49,0.9473684210526311,0.973684210526315,0.88095238095238,0.986111111111111,0.925,0.9940476190476191,0.9026467800140381,0.18357203900814,Control D (Frozen Feature Map),25
WDBC,A,0.25,8,113,73,0.973684210526315,0.9534883720930231,0.976190476190476,0.9722222222222221,0.9647058823529411,0.9966931216931211,1.097387790679931,0.044711455702781004,"Control A (Hybrid VQC, 73p)",25
WDBC,B,0.25,8,113,73,0.964912280701754,0.9523809523809521,0.9523809523809521,0.9722222222222221,0.9523809523809521,0.9963624338624331,0.020846605300903,0.039074908941984,"Control B (Classical MLP, 73p)",25
WDBC,C,0.25,8,113,73,0.982456140350877,0.976190476190476,0.976190476190476,0.986111111111111,0.976190476190476,0.9973544973544971,0.971770286560058,0.042979784309864,Control C (Ablated Entanglement),25
WDBC,D,0.25,8,113,49,0.964912280701754,0.9318181818181811,0.976190476190476,0.958333333333333,0.9534883720930231,0.9947089947089941,0.8887703418731691,0.07994869351387,Control D (Frozen Feature Map),25
WDBC,A,0.25,9,113,73,0.9298245614035081,0.9722222222222221,0.833333333333333,0.986111111111111,0.897435897435897,0.9966931216931211,1.077767848968505,0.017100993543863,"Control A (Hybrid VQC, 73p)",25
WDBC,B,0.25,9,113,73,0.9561403508771931,0.9743589743589741,0.9047619047619041,0.986111111111111,0.9382716049382711,0.9966931216931211,0.020650148391723,0.045361816883087006,"Control B (Classical MLP, 73p)",25
WDBC,C,0.25,9,113,73,0.9561403508771931,0.9743589743589741,0.9047619047619041,0.986111111111111,0.9382716049382711,0.9940476190476191,0.9511079788208001,0.020480636507272002,Control C (Ablated Entanglement),25
WDBC,D,0.25,9,113,49,0.9385964912280701,0.972972972972973,0.8571428571428571,0.986111111111111,0.9113924050632911,0.9943783068783061,0.8888945579528801,0.111150421202182,Control D (Frozen Feature Map),25
WDBC,A,0.5,0,227,73,0.973684210526315,0.9756097560975611,0.9523809523809521,0.986111111111111,0.9638554216867471,0.9970238095238091,1.753639698028564,0.071870863437652,"Control A (Hybrid VQC, 73p)",50
WDBC,B,0.5,0,227,73,0.982456140350877,1.0,0.9523809523809521,1.0,0.9756097560975611,0.998015873015873,0.027696371078491003,0.067479848861694,"Control B (Classical MLP, 73p)",50
WDBC,C,0.5,0,227,73,0.982456140350877,1.0,0.9523809523809521,1.0,0.9756097560975611,0.9976851851851851,1.595438480377197,0.06424144655466,Control C (Ablated Entanglement),50
WDBC,D,0.5,0,227,49,0.982456140350877,1.0,0.9523809523809521,1.0,0.9756097560975611,0.998015873015873,1.38090181350708,0.09328006953001,Control D (Frozen Feature Map),50
WDBC,A,0.5,1,227,73,0.9561403508771931,0.9302325581395341,0.9523809523809521,0.958333333333333,0.9411764705882351,0.9966931216931211,1.6037273406982422,0.042162422090768,"Control A (Hybrid VQC, 73p)",50
WDBC,B,0.5,1,227,73,0.9561403508771931,0.9302325581395341,0.9523809523809521,0.958333333333333,0.9411764705882351,0.9970238095238091,0.021752595901489,0.057859998196363005,"Control B (Classical MLP, 73p)",50
WDBC,C,0.5,1,227,73,0.964912280701754,0.9523809523809521,0.9523809523809521,0.9722222222222221,0.9523809523809521,0.9966931216931211,1.485829830169677,0.044013231992721,Control C (Ablated Entanglement),50
WDBC,D,0.5,1,227,49,0.964912280701754,0.9523809523809521,0.9523809523809521,0.9722222222222221,0.9523809523809521,0.9963624338624341,1.326184749603271,0.102239988744258,Control D (Frozen Feature Map),50
WDBC,A,0.5,2,227,73,0.9473684210526311,0.9500000000000001,0.9047619047619041,0.9722222222222221,0.9268292682926831,0.9953703703703701,1.742862939834594,0.068574264645576,"Control A (Hybrid VQC, 73p)",50
WDBC,B,0.5,2,227,73,0.9473684210526311,0.9500000000000001,0.9047619047619041,0.9722222222222221,0.9268292682926831,0.995701058201058,0.020805120468139003,0.080135308206081,"Control B (Classical MLP, 73p)",50
WDBC,C,0.5,2,227,73,0.9561403508771931,0.9743589743589741,0.9047619047619041,0.986111111111111,0.9382716049382711,0.995701058201058,1.548018217086792,0.07211837172508201,Control C (Ablated Entanglement),50
WDBC,D,0.5,2,227,49,0.964912280701754,0.975,0.928571428571428,0.986111111111111,0.951219512195121,0.9953703703703701,1.333298206329345,0.11902102828025801,Control D (Frozen Feature Map),50
WDBC,A,0.5,3,227,73,0.964912280701754,1.0,0.9047619047619041,1.0,0.9500000000000001,0.9976851851851851,1.735916137695312,0.055550266057252,"Control A (Hybrid VQC, 73p)",50
WDBC,B,0.5,3,227,73,0.973684210526315,1.0,0.928571428571428,1.0,0.962962962962962,0.998015873015873,0.020890712738037002,0.067405581474304,"Control B (Classical MLP, 73p)",50
WDBC,C,0.5,3,227,73,0.964912280701754,1.0,0.9047619047619041,1.0,0.9500000000000001,0.9976851851851851,1.5714693069458,0.058445706963539006,Control C (Ablated Entanglement),50
WDBC,D,0.5,3,227,49,0.973684210526315,1.0,0.928571428571428,1.0,0.962962962962962,0.99834656084656,1.36100435256958,0.120129249989986,Control D (Frozen Feature Map),50
WDBC,A,0.5,4,227,73,0.973684210526315,1.0,0.928571428571428,1.0,0.962962962962962,0.9953703703703701,1.7065269947052002,0.086868204176425,"Control A (Hybrid VQC, 73p)",50
WDBC,B,0.5,4,227,73,0.982456140350877,1.0,0.9523809523809521,1.0,0.9756097560975611,0.9963624338624331,0.021063327789306002,0.09669509530067401,"Control B (Classical MLP, 73p)",50
WDBC,C,0.5,4,227,73,0.982456140350877,1.0,0.9523809523809521,1.0,0.9756097560975611,0.995701058201058,1.548530578613281,0.09597126394510201,Control C (Ablated Entanglement),50
WDBC,D,0.5,4,227,49,0.964912280701754,0.975,0.928571428571428,0.986111111111111,0.951219512195121,0.996031746031746,1.340466737747192,0.19890117645263602,Control D (Frozen Feature Map),50
WDBC,A,0.5,5,227,73,0.9561403508771931,1.0,0.88095238095238,1.0,0.9367088607594931,0.996031746031746,1.649447917938232,0.014211381785571001,"Control A (Hybrid VQC, 73p)",50
WDBC,B,0.5,5,227,73,0.9385964912280701,0.972972972972973,0.8571428571428571,0.986111111111111,0.9113924050632911,0.996031746031746,0.025888919830322002,0.024624867364764002,"Control B (Classical MLP, 73p)",50
WDBC,C,0.5,5,227,73,0.9561403508771931,1.0,0.88095238095238,1.0,0.9367088607594931,0.996031746031746,1.506781816482544,0.020527180284261003,Control C (Ablated Entanglement),50
WDBC,D,0.5,5,227,49,0.9298245614035081,0.9722222222222221,0.833333333333333,0.986111111111111,0.897435897435897,0.9943783068783061,1.381869792938232,0.128588527441024,Control D (Frozen Feature Map),50
WDBC,A,0.5,6,227,73,0.973684210526315,1.0,0.928571428571428,1.0,0.962962962962962,0.9970238095238091,1.599366426467895,0.05323356762528401,"Control A (Hybrid VQC, 73p)",50
WDBC,B,0.5,6,227,73,0.964912280701754,1.0,0.9047619047619041,1.0,0.9500000000000001,0.996031746031746,0.027814388275146002,0.053355179727077005,"Control B (Classical MLP, 73p)",50
WDBC,C,0.5,6,227,73,0.973684210526315,1.0,0.928571428571428,1.0,0.962962962962962,0.9970238095238091,1.507137298583984,0.05833177268505001,Control C (Ablated Entanglement),50
WDBC,D,0.5,6,227,49,0.973684210526315,1.0,0.928571428571428,1.0,0.962962962962962,0.9970238095238091,1.336219787597656,0.079157404601573,Control D (Frozen Feature Map),50
WDBC,A,0.5,7,227,73,0.982456140350877,1.0,0.9523809523809521,1.0,0.9756097560975611,0.9963624338624331,1.909405708312988,0.058223333209753,"Control A (Hybrid VQC, 73p)",50
WDBC,B,0.5,7,227,73,0.982456140350877,1.0,0.9523809523809521,1.0,0.9756097560975611,0.996031746031745,0.024693965911865002,0.056629862636327,"Control B (Classical MLP, 73p)",50
WDBC,C,0.5,7,227,73,0.982456140350877,1.0,0.9523809523809521,1.0,0.9756097560975611,0.995701058201058,1.604358911514282,0.052454475313425,Control C (Ablated Entanglement),50
WDBC,D,0.5,7,227,49,0.9561403508771931,0.9743589743589741,0.9047619047619041,0.986111111111111,0.9382716049382711,0.993055555555555,1.506247520446777,0.17475217580795202,Control D (Frozen Feature Map),50
WDBC,A,0.5,8,227,73,0.9561403508771931,0.9743589743589741,0.9047619047619041,0.986111111111111,0.9382716049382711,0.9943783068783071,1.827948808670044,0.037948574870824,"Control A (Hybrid VQC, 73p)",50
WDBC,B,0.5,8,227,73,0.964912280701754,0.975,0.928571428571428,0.986111111111111,0.951219512195121,0.9966931216931211,0.024176359176635003,0.05367558076977701,"Control B (Classical MLP, 73p)",50
WDBC,C,0.5,8,227,73,0.973684210526315,1.0,0.928571428571428,1.0,0.962962962962962,0.9970238095238091,1.617312669754028,0.055420473217964006,Control C (Ablated Entanglement),50
WDBC,D,0.5,8,227,49,0.9473684210526311,0.9500000000000001,0.9047619047619041,0.9722222222222221,0.9268292682926831,0.9953703703703701,1.465532779693603,0.091869637370109,Control D (Frozen Feature Map),50
WDBC,A,0.5,9,227,73,0.973684210526315,0.9756097560975611,0.9523809523809521,0.986111111111111,0.9638554216867471,0.993386243386243,1.900643825531005,0.049457278102636004,"Control A (Hybrid VQC, 73p)",50
WDBC,B,0.5,9,227,73,0.973684210526315,0.9756097560975611,0.9523809523809521,0.986111111111111,0.9638554216867471,0.9950396825396821,0.031743526458740005,0.063337698578834,"Control B (Classical MLP, 73p)",50
WDBC,C,0.5,9,227,73,0.973684210526315,0.9756097560975611,0.9523809523809521,0.986111111111111,0.9638554216867471,0.995701058201058,1.811850547790527,0.053513940423727,Control C (Ablated Entanglement),50
WDBC,D,0.5,9,227,49,0.973684210526315,0.9756097560975611,0.9523809523809521,0.986111111111111,0.9638554216867471,0.996031746031746,1.557334184646606,0.078413471579551,Control D (Frozen Feature Map),50
WDBC,A,1.0,0,455,73,0.973684210526315,0.9756097560975611,0.9523809523809521,0.986111111111111,0.9638554216867471,0.9970238095238091,3.995043754577636,0.067346632480621,"Control A (Hybrid VQC, 73p)",100
WDBC,B,1.0,0,455,73,0.9912280701754381,1.0,0.976190476190476,1.0,0.9879518072289151,0.998677248677248,0.058711051940917004,0.079449042677879,"Control B (Classical MLP, 73p)",100
WDBC,C,1.0,0,455,73,0.982456140350877,0.976190476190476,0.976190476190476,0.986111111111111,0.976190476190476,0.99834656084656,3.7559163570404053,0.07073298841714801,Control C (Ablated Entanglement),100
WDBC,D,1.0,0,455,49,0.9912280701754381,1.0,0.976190476190476,1.0,0.9879518072289151,0.998677248677248,3.180063486099243,0.101269751787185,Control D (Frozen Feature Map),100
WDBC,A,1.0,1,455,73,0.982456140350877,1.0,0.9523809523809521,1.0,0.9756097560975611,0.99834656084656,3.964787006378174,0.071580655872821,"Control A (Hybrid VQC, 73p)",100
WDBC,B,1.0,1,455,73,0.982456140350877,1.0,0.9523809523809521,1.0,0.9756097560975611,0.9990079365079361,0.028287649154663003,0.08357685059309,"Control B (Classical MLP, 73p)",100
WDBC,C,1.0,1,455,73,0.982456140350877,1.0,0.9523809523809521,1.0,0.9756097560975611,0.99834656084656,3.328324317932129,0.069142989814281,Control C (Ablated Entanglement),100
WDBC,D,1.0,1,455,49,0.964912280701754,1.0,0.9047619047619041,1.0,0.9500000000000001,0.998015873015873,2.941018581390381,0.121264949440956,Control D (Frozen Feature Map),100
WDBC,A,1.0,2,455,73,0.982456140350877,1.0,0.9523809523809521,1.0,0.9756097560975611,0.998015873015873,3.566138982772827,0.071795277297496,"Control A (Hybrid VQC, 73p)",100
WDBC,B,1.0,2,455,73,0.982456140350877,1.0,0.9523809523809521,1.0,0.9756097560975611,0.998015873015873,0.034817457199096,0.07593274116516101,"Control B (Classical MLP, 73p)",100
WDBC,C,1.0,2,455,73,0.982456140350877,1.0,0.9523809523809521,1.0,0.9756097560975611,0.998015873015873,3.30515456199646,0.075778573751449,Control C (Ablated Entanglement),100
WDBC,D,1.0,2,455,49,0.973684210526315,1.0,0.928571428571428,1.0,0.962962962962962,0.9976851851851851,3.261892318725586,0.12025767564773501,Control D (Frozen Feature Map),100
WDBC,A,1.0,3,455,73,0.982456140350877,1.0,0.9523809523809521,1.0,0.9756097560975611,0.998015873015873,3.980632543563842,0.075815990567207,"Control A (Hybrid VQC, 73p)",100
WDBC,B,1.0,3,455,73,0.9912280701754381,1.0,0.976190476190476,1.0,0.9879518072289151,0.99834656084656,0.023346900939941,0.076366640627384,"Control B (Classical MLP, 73p)",100
WDBC,C,1.0,3,455,73,0.982456140350877,0.976190476190476,0.976190476190476,0.986111111111111,0.976190476190476,0.998015873015873,3.657236337661743,0.067043595016002,Control C (Ablated Entanglement),100
WDBC,D,1.0,3,455,49,0.973684210526315,1.0,0.928571428571428,1.0,0.962962962962962,0.99834656084656,2.972289323806762,0.130930706858634,Control D (Frozen Feature Map),100
WDBC,A,1.0,4,455,73,0.973684210526315,1.0,0.928571428571428,1.0,0.962962962962962,0.99834656084656,3.440961360931396,0.067883089184761,"Control A (Hybrid VQC, 73p)",100
WDBC,B,1.0,4,455,73,0.982456140350877,0.976190476190476,0.976190476190476,0.986111111111111,0.976190476190476,0.998677248677248,0.033245801925659,0.08105646818876201,"Control B (Classical MLP, 73p)",100
WDBC,C,1.0,4,455,73,0.9912280701754381,1.0,0.976190476190476,1.0,0.9879518072289151,0.99834656084656,2.8588004112243652,0.071496739983558,Control C (Ablated Entanglement),100
WDBC,D,1.0,4,455,49,0.9561403508771931,0.9743589743589741,0.9047619047619041,0.986111111111111,0.9382716049382711,0.9963624338624331,2.562159776687622,0.198219925165176,Control D (Frozen Feature Map),100
WDBC,A,1.0,5,455,73,0.982456140350877,1.0,0.9523809523809521,1.0,0.9756097560975611,0.998015873015873,3.595873594284057,0.069535255432128,"Control A (Hybrid VQC, 73p)",100
WDBC,B,1.0,5,455,73,0.982456140350877,0.976190476190476,0.976190476190476,0.986111111111111,0.976190476190476,0.9990079365079361,0.039676666259765,0.082251794636249,"Control B (Classical MLP, 73p)",100
WDBC,C,1.0,5,455,73,0.973684210526315,0.9756097560975611,0.9523809523809521,0.986111111111111,0.9638554216867471,0.998015873015873,3.347029447555542,0.074482545256614,Control C (Ablated Entanglement),100
WDBC,D,1.0,5,455,49,0.973684210526315,1.0,0.928571428571428,1.0,0.962962962962962,0.9993386243386241,3.238771438598633,0.129315212368965,Control D (Frozen Feature Map),100
WDBC,A,1.0,6,455,73,0.973684210526315,0.9756097560975611,0.9523809523809521,0.986111111111111,0.9638554216867471,0.99834656084656,3.958182573318481,0.082578040659427,"Control A (Hybrid VQC, 73p)",100
WDBC,B,1.0,6,455,73,0.982456140350877,1.0,0.9523809523809521,1.0,0.9756097560975611,0.9976851851851851,0.039486169815063005,0.066781714558601,"Control B (Classical MLP, 73p)",100
WDBC,C,1.0,6,455,73,0.9912280701754381,1.0,0.976190476190476,1.0,0.9879518072289151,0.99834656084656,3.779936552047729,0.076963901519775,Control C (Ablated Entanglement),100
WDBC,D,1.0,6,455,49,0.973684210526315,1.0,0.928571428571428,1.0,0.962962962962962,0.998015873015873,3.263547897338867,0.156547337770462,Control D (Frozen Feature Map),100
WDBC,A,1.0,7,455,73,0.982456140350877,1.0,0.9523809523809521,1.0,0.9756097560975611,0.99834656084656,3.3006997108459473,0.07904855906963301,"Control A (Hybrid VQC, 73p)",100
WDBC,B,1.0,7,455,73,0.973684210526315,0.9756097560975611,0.9523809523809521,0.986111111111111,0.9638554216867471,0.99834656084656,0.048627853393554,0.07896884530782701,"Control B (Classical MLP, 73p)",100
WDBC,C,1.0,7,455,73,0.9912280701754381,1.0,0.976190476190476,1.0,0.9879518072289151,0.99834656084656,2.8796956539154053,0.066810518503189,Control C (Ablated Entanglement),100
WDBC,D,1.0,7,455,49,0.973684210526315,0.9756097560975611,0.9523809523809521,0.986111111111111,0.9638554216867471,0.996031746031746,2.561046838760376,0.18062900006771002,Control D (Frozen Feature Map),100
WDBC,A,1.0,8,455,73,0.982456140350877,1.0,0.9523809523809521,1.0,0.9756097560975611,0.99834656084656,3.593016386032104,0.063633613288402,"Control A (Hybrid VQC, 73p)",100
WDBC,B,1.0,8,455,73,0.973684210526315,0.9756097560975611,0.9523809523809521,0.986111111111111,0.9638554216867471,0.9976851851851851,0.048599481582641005,0.07105714082717801,"Control B (Classical MLP, 73p)",100
WDBC,C,1.0,8,455,73,0.9912280701754381,1.0,0.976190476190476,1.0,0.9879518072289151,0.99834656084656,3.409186601638794,0.075863935053348,Control C (Ablated Entanglement),100
WDBC,D,1.0,8,455,49,0.973684210526315,1.0,0.928571428571428,1.0,0.962962962962962,0.99834656084656,3.235679388046264,0.107033424079418,Control D (Frozen Feature Map),100
WDBC,A,1.0,9,455,73,0.973684210526315,0.9756097560975611,0.9523809523809521,0.986111111111111,0.9638554216867471,0.9976851851851851,3.455161809921264,0.07253452390432301,"Control A (Hybrid VQC, 73p)",100
WDBC,B,1.0,9,455,73,0.982456140350877,0.976190476190476,0.976190476190476,0.986111111111111,0.976190476190476,0.998677248677248,0.032633304595947,0.08148211985826401,"Control B (Classical MLP, 73p)",100
WDBC,C,1.0,9,455,73,0.973684210526315,0.9756097560975611,0.9523809523809521,0.986111111111111,0.9638554216867471,0.9976851851851851,3.741616010665893,0.068610019981861,Control C (Ablated Entanglement),100
WDBC,D,1.0,9,455,49,0.973684210526315,1.0,0.928571428571428,1.0,0.962962962962962,0.99834656084656,3.1277048587799072,0.09160718321800201,Control D (Frozen Feature Map),100
Heart Disease,A,0.1,0,23,73,0.7833333333333331,0.7419354838709671,0.8214285714285711,0.75,0.779661016949152,0.9073660714285711,0.8882541656494141,0.0032339338213200003,"Control A (Hybrid VQC, 73p)",10
Heart Disease,B,0.1,0,23,73,0.8,0.7222222222222221,0.928571428571428,0.6875,0.8125,0.908482142857142,0.01972484588623,0.021321905776858,"Control B (Classical MLP, 73p)",10
Heart Disease,C,0.1,0,23,73,0.8,0.7352941176470581,0.892857142857142,0.7187500000000001,0.8064516129032251,0.910714285714285,0.6974139213562011,0.013838131912052002,Control C (Ablated Entanglement),10
Heart Disease,D,0.1,0,23,49,0.8166666666666661,0.8148148148148141,0.785714285714285,0.8437500000000001,0.8,0.879464285714285,0.6371381282806391,0.081285536289215,Control D (Frozen Feature Map),10
Heart Disease,A,0.1,1,23,73,0.7333333333333331,0.6875,0.785714285714285,0.6875,0.7333333333333331,0.845982142857142,0.7774169445037841,0.002714875387027,"Control A (Hybrid VQC, 73p)",10
Heart Disease,B,0.1,1,23,73,0.8166666666666661,0.7931034482758621,0.8214285714285711,0.8125,0.8070175438596491,0.936383928571428,0.016672372817993,0.028486190363764003,"Control B (Classical MLP, 73p)",10
Heart Disease,C,0.1,1,23,73,0.8,0.785714285714285,0.785714285714285,0.8125,0.785714285714285,0.921875,0.6885600090026851,0.038633793592453,Control C (Ablated Entanglement),10
Heart Disease,D,0.1,1,23,49,0.833333333333333,0.7812500000000001,0.892857142857142,0.7812500000000001,0.833333333333333,0.8683035714285711,0.6435439586639401,0.074928276240825,Control D (Frozen Feature Map),10
Heart Disease,A,0.1,2,23,73,0.866666666666666,1.0,0.7142857142857141,1.0,0.833333333333333,0.9118303571428571,0.778001070022583,0.0037391493096940003,"Control A (Hybrid VQC, 73p)",10
Heart Disease,B,0.1,2,23,73,0.85,1.0,0.678571428571428,1.0,0.8085106382978721,0.9386160714285711,0.021461725234985,0.010828186757862,"Control B (Classical MLP, 73p)",10
Heart Disease,C,0.1,2,23,73,0.85,1.0,0.678571428571428,1.0,0.8085106382978721,0.8939732142857141,0.718291282653808,0.025659384205937,Control C (Ablated Entanglement),10
Heart Disease,D,0.1,2,23,49,0.8,0.785714285714285,0.785714285714285,0.8125,0.785714285714285,0.859375,0.643207073211669,0.152757078409194,Control D (Frozen Feature Map),10
Heart Disease,A,0.1,3,23,73,0.8,0.7352941176470581,0.892857142857142,0.7187500000000001,0.8064516129032251,0.8683035714285711,0.7867462635040281,0.0019109979039050001,"Control A (Hybrid VQC, 73p)",10
Heart Disease,B,0.1,3,23,73,0.833333333333333,0.8214285714285711,0.8214285714285711,0.8437500000000001,0.8214285714285711,0.924107142857142,0.021268844604492,0.040219936519861006,"Control B (Classical MLP, 73p)",10
Heart Disease,C,0.1,3,23,73,0.833333333333333,0.875,0.75,0.9062500000000001,0.807692307692307,0.912946428571428,0.66622257232666,0.026857223361730003,Control C (Ablated Entanglement),10
Heart Disease,D,0.1,3,23,49,0.8166666666666661,0.757575757575757,0.892857142857142,0.75,0.8196721311475411,0.9140625,0.631996870040893,0.21535567939281403,Control D (Frozen Feature Map),10
Heart Disease,A,0.1,4,23,73,0.65,0.585365853658536,0.8571428571428571,0.46875000000000006,0.695652173913043,0.762276785714285,0.770488262176513,0.041291352361440006,"Control A (Hybrid VQC, 73p)",10
Heart Disease,B,0.1,4,23,73,0.8,0.75,0.8571428571428571,0.75,0.8,0.9062500000000001,0.018076419830322002,0.041662529110908,"Control B (Classical MLP, 73p)",10
Heart Disease,C,0.1,4,23,73,0.7833333333333331,0.7272727272727271,0.8571428571428571,0.7187500000000001,0.7868852459016391,0.858258928571428,0.6751129627227781,0.045021224766969,Control C (Ablated Entanglement),10
Heart Disease,D,0.1,4,23,49,0.65,0.6060606060606061,0.7142857142857141,0.59375,0.6557377049180321,0.7511160714285711,0.632659435272216,0.23639488220214802,Control D (Frozen Feature Map),10
Heart Disease,A,0.1,5,23,73,0.85,0.8518518518518511,0.8214285714285711,0.875,0.8363636363636361,0.9073660714285711,0.756046772003173,0.001722336164675,"Control A (Hybrid VQC, 73p)",10
Heart Disease,B,0.1,5,23,73,0.833333333333333,0.846153846153846,0.785714285714285,0.875,0.8148148148148141,0.9151785714285711,0.018548965454101,0.001220836071297,"Control B (Classical MLP, 73p)",10
Heart Disease,C,0.1,5,23,73,0.8166666666666661,0.84,0.75,0.875,0.7924528301886791,0.9095982142857141,0.6674370765686031,0.005761558655649,Control C (Ablated Entanglement),10
Heart Disease,D,0.1,5,23,49,0.65,0.7333333333333331,0.392857142857142,0.875,0.511627906976744,0.640625,0.6317338943481441,0.067777030169963,Control D (Frozen Feature Map),10
Heart Disease,A,0.1,6,23,73,0.766666666666666,0.7187500000000001,0.8214285714285711,0.7187500000000001,0.766666666666666,0.869419642857142,0.764919281005859,0.005611421074718,"Control A (Hybrid VQC, 73p)",10
Heart Disease,B,0.1,6,23,73,0.7333333333333331,0.7142857142857141,0.7142857142857141,0.75,0.7142857142857141,0.828125,0.020258426666259002,0.142473801970481,"Control B (Classical MLP, 73p)",10
Heart Disease,C,0.1,6,23,73,0.6666666666666661,0.617647058823529,0.75,0.59375,0.6774193548387091,0.8024553571428571,0.6770279407501221,0.095148511230945,Control C (Ablated Entanglement),10
Heart Disease,D,0.1,6,23,49,0.7333333333333331,0.875,0.5,0.9375,0.636363636363636,0.8158482142857141,0.6346669197082521,0.270955592393875,Control D (Frozen Feature Map),10
Heart Disease,A,0.1,7,23,73,0.766666666666666,0.7058823529411761,0.8571428571428571,0.6875,0.7741935483870961,0.8448660714285711,0.7779603004455561,0.010652224533259001,"Control A (Hybrid VQC, 73p)",10
Heart Disease,B,0.1,7,23,73,0.7333333333333331,0.7142857142857141,0.7142857142857141,0.75,0.7142857142857141,0.8337053571428571,0.020962476730346003,0.111521832644939,"Control B (Classical MLP, 73p)",10
Heart Disease,C,0.1,7,23,73,0.75,0.7241379310344821,0.75,0.75,0.7368421052631571,0.8549107142857141,0.7071788311004631,0.09260556101799,Control C (Ablated Entanglement),10
Heart Disease,D,0.1,7,23,49,0.716666666666666,0.657142857142857,0.8214285714285711,0.625,0.73015873015873,0.791294642857142,0.645479440689086,0.07946329563856101,Control D (Frozen Feature Map),10
Heart Disease,A,0.1,8,23,73,0.8166666666666661,0.9473684210526311,0.642857142857142,0.9687500000000001,0.7659574468085101,0.9229910714285711,0.8085641860961911,0.023838624358177,"Control A (Hybrid VQC, 73p)",10
Heart Disease,B,0.1,8,23,73,0.7833333333333331,0.826086956521739,0.678571428571428,0.875,0.7450980392156861,0.8962053571428571,0.020889759063720002,0.027594273909926,"Control B (Classical MLP, 73p)",10
Heart Disease,C,0.1,8,23,73,0.8,0.8636363636363631,0.678571428571428,0.9062500000000001,0.76,0.916294642857142,0.6666400432586671,0.028777666389942003,Control C (Ablated Entanglement),10
Heart Disease,D,0.1,8,23,49,0.85,0.8518518518518511,0.8214285714285711,0.875,0.8363636363636361,0.934151785714285,0.633666038513183,0.136934161186218,Control D (Frozen Feature Map),10
Heart Disease,A,0.1,9,23,73,0.65,0.6296296296296291,0.6071428571428571,0.6875,0.618181818181818,0.7120535714285711,0.771114110946655,0.021608794108033003,"Control A (Hybrid VQC, 73p)",10
Heart Disease,B,0.1,9,23,73,0.7000000000000001,0.647058823529411,0.785714285714285,0.625,0.7096774193548381,0.8203125,0.021015405654907,0.17697454988956401,"Control B (Classical MLP, 73p)",10
Heart Disease,C,0.1,9,23,73,0.716666666666666,0.689655172413793,0.7142857142857141,0.7187500000000001,0.701754385964912,0.8258928571428571,0.7093350887298581,0.13328783214092202,Control C (Ablated Entanglement),10
Heart Disease,D,0.1,9,23,49,0.65,0.6296296296296291,0.6071428571428571,0.6875,0.618181818181818,0.746651785714285,0.639386653900146,0.24814049899578003,Control D (Frozen Feature Map),10
Heart Disease,A,0.25,0,59,73,0.766666666666666,0.7916666666666661,0.678571428571428,0.8437500000000001,0.7307692307692301,0.921875,0.903419256210327,0.177028238773345,"Control A (Hybrid VQC, 73p)",25
Heart Disease,B,0.25,0,59,73,0.833333333333333,0.9090909090909091,0.7142857142857141,0.9375,0.8,0.9296875,0.013056993484497001,0.16915713250637002,"Control B (Classical MLP, 73p)",25
Heart Disease,C,0.25,0,59,73,0.8166666666666661,0.9047619047619041,0.678571428571428,0.9375,0.7755102040816321,0.941964285714285,0.8031172752380371,0.112688444554805,Control C (Ablated Entanglement),25
Heart Disease,D,0.25,0,59,49,0.85,0.8518518518518511,0.8214285714285711,0.875,0.8363636363636361,0.9408482142857141,0.741917371749877,0.22419285774230902,Control D (Frozen Feature Map),25
Heart Disease,A,0.25,1,59,73,0.85,0.827586206896551,0.8571428571428571,0.8437500000000001,0.842105263157894,0.924107142857142,0.9271697998046871,0.06705034524202301,"Control A (Hybrid VQC, 73p)",25
Heart Disease,B,0.25,1,59,73,0.8833333333333331,0.8620689655172411,0.892857142857142,0.875,0.8771929824561401,0.9698660714285711,0.014835119247436001,0.18296210467815402,"Control B (Classical MLP, 73p)",25
Heart Disease,C,0.25,1,59,73,0.8833333333333331,0.8620689655172411,0.892857142857142,0.875,0.8771929824561401,0.9475446428571421,0.8197522163391111,0.10224406421184501,Control C (Ablated Entanglement),25
Heart Disease,D,0.25,1,59,49,0.85,0.827586206896551,0.8571428571428571,0.8437500000000001,0.842105263157894,0.8917410714285711,0.7215085029602051,0.16606363654136602,Control D (Frozen Feature Map),25
Heart Disease,A,0.25,2,59,73,0.8,0.833333333333333,0.7142857142857141,0.875,0.769230769230769,0.8337053571428571,0.8717498779296871,0.115713827311992,"Control A (Hybrid VQC, 73p)",25
Heart Disease,B,0.25,2,59,73,0.766666666666666,0.7916666666666661,0.678571428571428,0.8437500000000001,0.7307692307692301,0.861607142857142,0.014926433563232,0.184262841939926,"Control B (Classical MLP, 73p)",25
Heart Disease,C,0.25,2,59,73,0.7833333333333331,0.8,0.7142857142857141,0.8437500000000001,0.7547169811320751,0.8415178571428571,0.763829708099365,0.25615397095680204,Control C (Ablated Entanglement),25
Heart Disease,D,0.25,2,59,49,0.8166666666666661,0.8695652173913041,0.7142857142857141,0.9062500000000001,0.7843137254901961,0.856026785714285,0.7009592056274411,0.33479955792427,Control D (Frozen Feature Map),25
Heart Disease,A,0.25,3,59,73,0.833333333333333,0.875,0.75,0.9062500000000001,0.807692307692307,0.859375,0.8798897266387941,0.281764328479766,"Control A (Hybrid VQC, 73p)",25
Heart Disease,B,0.25,3,59,73,0.85,0.827586206896551,0.8571428571428571,0.8437500000000001,0.842105263157894,0.8962053571428571,0.019908189773559,0.207490861415863,"Control B (Classical MLP, 73p)",25
Heart Disease,C,0.25,3,59,73,0.7833333333333331,0.777777777777777,0.75,0.8125,0.7636363636363631,0.8727678571428571,0.798012018203735,0.24756935238838101,Control C (Ablated Entanglement),25
Heart Disease,D,0.25,3,59,49,0.866666666666666,0.9166666666666661,0.785714285714285,0.9375,0.846153846153846,0.9464285714285711,0.7361788749694821,0.404506236314773,Control D (Frozen Feature Map),25
Heart Disease,A,0.25,4,59,73,0.7333333333333331,0.75,0.642857142857142,0.8125,0.6923076923076921,0.7924107142857141,0.908271551132202,0.272475779056549,"Control A (Hybrid VQC, 73p)",25
Heart Disease,B,0.25,4,59,73,0.8,0.807692307692307,0.75,0.8437500000000001,0.777777777777777,0.900669642857142,0.013863801956176001,0.31091907620429904,"Control B (Classical MLP, 73p)",25
Heart Disease,C,0.25,4,59,73,0.8,0.807692307692307,0.75,0.8437500000000001,0.777777777777777,0.873883928571428,0.791965961456298,0.386504828929901,Control C (Ablated Entanglement),25
Heart Disease,D,0.25,4,59,49,0.9,0.892857142857142,0.892857142857142,0.9062500000000001,0.892857142857142,0.926339285714285,0.735225439071655,0.45270258188247603,Control D (Frozen Feature Map),25
Heart Disease,A,0.25,5,59,73,0.866666666666666,0.8125,0.928571428571428,0.8125,0.866666666666666,0.9174107142857141,0.9102036952972411,0.18226242065429601,"Control A (Hybrid VQC, 73p)",25
Heart Disease,B,0.25,5,59,73,0.866666666666666,0.833333333333333,0.892857142857142,0.8437500000000001,0.8620689655172411,0.9352678571428571,0.019783496856689002,0.151166453957557,"Control B (Classical MLP, 73p)",25
Heart Disease,C,0.25,5,59,73,0.85,0.827586206896551,0.8571428571428571,0.8437500000000001,0.842105263157894,0.921875,0.7850265502929681,0.17226223647594402,Control C (Ablated Entanglement),25
Heart Disease,D,0.25,5,59,49,0.833333333333333,0.7812500000000001,0.892857142857142,0.7812500000000001,0.833333333333333,0.885044642857142,0.7222244739532471,0.24343253672122903,Control D (Frozen Feature Map),25
Heart Disease,A,0.25,6,59,73,0.833333333333333,1.0,0.642857142857142,1.0,0.7826086956521741,0.9464285714285711,0.89569091796875,0.287784904241561,"Control A (Hybrid VQC, 73p)",25
Heart Disease,B,0.25,6,59,73,0.7833333333333331,0.8571428571428571,0.642857142857142,0.9062500000000001,0.73469387755102,0.9430803571428571,0.020436286926269,0.21208506822586,"Control B (Classical MLP, 73p)",25
Heart Disease,C,0.25,6,59,73,0.766666666666666,0.85,0.6071428571428571,0.9062500000000001,0.708333333333333,0.944196428571428,0.791716575622558,0.21492847800254802,Control C (Ablated Entanglement),25
Heart Disease,D,0.25,6,59,49,0.7833333333333331,0.894736842105263,0.6071428571428571,0.9375,0.7234042553191491,0.9040178571428571,0.749969244003295,0.34130465984344405,Control D (Frozen Feature Map),25
Heart Disease,A,0.25,7,59,73,0.75,0.7826086956521741,0.642857142857142,0.8437500000000001,0.7058823529411761,0.8392857142857141,0.916930198669433,0.12574511766433702,"Control A (Hybrid VQC, 73p)",25
Heart Disease,B,0.25,7,59,73,0.7833333333333331,0.758620689655172,0.785714285714285,0.7812500000000001,0.771929824561403,0.869419642857142,0.020255088806152,0.166160389780998,"Control B (Classical MLP, 73p)",25
Heart Disease,C,0.25,7,59,73,0.8,0.785714285714285,0.785714285714285,0.8125,0.785714285714285,0.8705357142857141,0.78077745437622,0.162078827619552,Control C (Ablated Entanglement),25
Heart Disease,D,0.25,7,59,49,0.85,0.8518518518518511,0.8214285714285711,0.875,0.8363636363636361,0.9062499999999991,0.7568695545196531,0.310572743415832,Control D (Frozen Feature Map),25
Heart Disease,A,0.25,8,59,73,0.866666666666666,0.884615384615384,0.8214285714285711,0.9062500000000001,0.8518518518518511,0.887276785714285,0.9234740734100341,0.17835953831672602,"Control A (Hybrid VQC, 73p)",25
Heart Disease,B,0.25,8,59,73,0.85,0.8518518518518511,0.8214285714285711,0.875,0.8363636363636361,0.952008928571428,0.013333320617675,0.15686260163784002,"Control B (Classical MLP, 73p)",25
Heart Disease,C,0.25,8,59,73,0.8166666666666661,0.8148148148148141,0.785714285714285,0.8437500000000001,0.8,0.9375,0.7829241752624511,0.203580603003501,Control C (Ablated Entanglement),25
Heart Disease,D,0.25,8,59,49,0.866666666666666,0.9166666666666661,0.785714285714285,0.9375,0.846153846153846,0.9330357142857141,0.722412109375,0.174223214387893,Control D (Frozen Feature Map),25
Heart Disease,A,0.25,9,59,73,0.75,0.8095238095238091,0.6071428571428571,0.875,0.693877551020408,0.902901785714285,0.889206171035766,0.151950910687446,"Control A (Hybrid VQC, 73p)",25
Heart Disease,B,0.25,9,59,73,0.866666666666666,0.8571428571428571,0.8571428571428571,0.875,0.8571428571428571,0.9642857142857141,0.022825479507446,0.320500701665878,"Control B (Classical MLP, 73p)",25
Heart Disease,C,0.25,9,59,73,0.866666666666666,0.8571428571428571,0.8571428571428571,0.875,0.8571428571428571,0.9642857142857141,0.7916235923767091,0.32228243350982605,Control C (Ablated Entanglement),25
Heart Disease,D,0.25,9,59,49,0.866666666666666,0.8571428571428571,0.8571428571428571,0.875,0.8571428571428571,0.9587053571428571,0.70062518119812,0.41340112686157204,Control D (Frozen Feature Map),25
Heart Disease,A,0.5,0,118,73,0.85,0.88,0.785714285714285,0.9062500000000001,0.8301886792452831,0.9408482142857141,1.089635610580444,0.29282233119010903,"Control A (Hybrid VQC, 73p)",50
Heart Disease,B,0.5,0,118,73,0.8166666666666661,0.9047619047619041,0.678571428571428,0.9375,0.7755102040816321,0.944196428571428,0.022541999816894,0.279862642288208,"Control B (Classical MLP, 73p)",50
Heart Disease,C,0.5,0,118,73,0.85,0.88,0.785714285714285,0.9062500000000001,0.8301886792452831,0.952008928571428,0.961272239685058,0.23523992300033503,Control C (Ablated Entanglement),50
Heart Disease,D,0.5,0,118,49,0.85,0.9130434782608691,0.75,0.9375,0.8235294117647051,0.9609375,0.890932559967041,0.293108314275741,Control D (Frozen Feature Map),50
Heart Disease,A,0.5,1,118,73,0.8166666666666661,0.7931034482758621,0.8214285714285711,0.8125,0.8070175438596491,0.920758928571428,1.118386268615722,0.2171421200037,"Control A (Hybrid VQC, 73p)",50
Heart Disease,B,0.5,1,118,73,0.833333333333333,0.8214285714285711,0.8214285714285711,0.8437500000000001,0.8214285714285711,0.920758928571428,0.013866424560546,0.311757653951644,"Control B (Classical MLP, 73p)",50
Heart Disease,C,0.5,1,118,73,0.833333333333333,0.8,0.8571428571428571,0.8125,0.827586206896551,0.924107142857142,0.986507654190063,0.25742998719215304,Control C (Ablated Entanglement),50
Heart Disease,D,0.5,1,118,49,0.833333333333333,0.8,0.8571428571428571,0.8125,0.827586206896551,0.877232142857142,0.8901593685150141,0.306220263242721,Control D (Frozen Feature Map),50
Heart Disease,A,0.5,2,118,73,0.766666666666666,0.85,0.6071428571428571,0.9062500000000001,0.708333333333333,0.795758928571428,1.076164484024047,0.262669891119003,"Control A (Hybrid VQC, 73p)",50
Heart Disease,B,0.5,2,118,73,0.7833333333333331,0.777777777777777,0.75,0.8125,0.7636363636363631,0.892857142857142,0.013851881027221001,0.314935833215713,"Control B (Classical MLP, 73p)",50
Heart Disease,C,0.5,2,118,73,0.8166666666666661,0.84,0.75,0.875,0.7924528301886791,0.921875,0.9857819080352781,0.37798991799354503,Control C (Ablated Entanglement),50
Heart Disease,D,0.5,2,118,49,0.7833333333333331,0.826086956521739,0.678571428571428,0.875,0.7450980392156861,0.866071428571428,0.9095437526702881,0.381539940834045,Control D (Frozen Feature Map),50
Heart Disease,A,0.5,3,118,73,0.85,0.88,0.785714285714285,0.9062500000000001,0.8301886792452831,0.9508928571428571,1.120640754699707,0.28874087333679205,"Control A (Hybrid VQC, 73p)",50
Heart Disease,B,0.5,3,118,73,0.8833333333333331,0.8888888888888881,0.8571428571428571,0.9062500000000001,0.872727272727272,0.9330357142857141,0.016597509384155003,0.254824340343475,"Control B (Classical MLP, 73p)",50
Heart Disease,C,0.5,3,118,73,0.833333333333333,0.846153846153846,0.785714285714285,0.875,0.8148148148148141,0.9308035714285711,0.9854180812835691,0.31050005555152804,Control C (Ablated Entanglement),50
Heart Disease,D,0.5,3,118,49,0.8833333333333331,1.0,0.75,1.0,0.8571428571428571,0.9620535714285711,0.9070792198181151,0.39329674839973405,Control D (Frozen Feature Map),50
Heart Disease,A,0.5,4,118,73,0.7833333333333331,0.8571428571428571,0.642857142857142,0.9062500000000001,0.73469387755102,0.873883928571428,1.076318502426147,0.30752447247505105,"Control A (Hybrid VQC, 73p)",50
Heart Disease,B,0.5,4,118,73,0.833333333333333,0.875,0.75,0.9062500000000001,0.807692307692307,0.9252232142857141,0.0154390335083,0.38727790117263705,"Control B (Classical MLP, 73p)",50
Heart Disease,C,0.5,4,118,73,0.85,0.9130434782608691,0.75,0.9375,0.8235294117647051,0.9095982142857141,0.9632301330566401,0.384888917207717,Control C (Ablated Entanglement),50
Heart Disease,D,0.5,4,118,49,0.8166666666666661,0.8695652173913041,0.7142857142857141,0.9062500000000001,0.7843137254901961,0.897321428571428,0.888790369033813,0.42078769207000705,Control D (Frozen Feature Map),50
Heart Disease,A,0.5,5,118,73,0.85,0.9130434782608691,0.75,0.9375,0.8235294117647051,0.944196428571428,1.095479726791381,0.287734657526016,"Control A (Hybrid VQC, 73p)",50
Heart Disease,B,0.5,5,118,73,0.85,0.88,0.785714285714285,0.9062500000000001,0.8301886792452831,0.9542410714285711,0.013843297958374001,0.315661013126373,"Control B (Classical MLP, 73p)",50
Heart Disease,C,0.5,5,118,73,0.85,0.88,0.785714285714285,0.9062500000000001,0.8301886792452831,0.9486607142857141,0.965184450149536,0.304695636034011,Control C (Ablated Entanglement),50
Heart Disease,D,0.5,5,118,49,0.833333333333333,0.9500000000000001,0.678571428571428,0.9687500000000001,0.7916666666666661,0.9698660714285711,0.8589203357696531,0.34541189670562705,Control D (Frozen Feature Map),50
Heart Disease,A,0.5,6,118,73,0.766666666666666,0.7916666666666661,0.678571428571428,0.8437500000000001,0.7307692307692301,0.897321428571428,1.085225105285644,0.309221684932708,"Control A (Hybrid VQC, 73p)",50
Heart Disease,B,0.5,6,118,73,0.8166666666666661,0.8148148148148141,0.785714285714285,0.8437500000000001,0.8,0.9308035714285711,0.015752553939819003,0.312336206436157,"Control B (Classical MLP, 73p)",50
Heart Disease,C,0.5,6,118,73,0.7833333333333331,0.8,0.7142857142857141,0.8437500000000001,0.7547169811320751,0.9296875,0.947056770324707,0.34065768122673,Control C (Ablated Entanglement),50
Heart Disease,D,0.5,6,118,49,0.833333333333333,0.8214285714285711,0.8214285714285711,0.8437500000000001,0.8214285714285711,0.9330357142857141,0.8704667091369621,0.37999823689460704,Control D (Frozen Feature Map),50
Heart Disease,A,0.5,7,118,73,0.8166666666666661,0.8148148148148141,0.785714285714285,0.8437500000000001,0.8,0.9252232142857141,1.09075117111206,0.372443169355392,"Control A (Hybrid VQC, 73p)",50
Heart Disease,B,0.5,7,118,73,0.8166666666666661,0.8148148148148141,0.785714285714285,0.8437500000000001,0.8,0.9174107142857141,0.011838674545288001,0.298693537712097,"Control B (Classical MLP, 73p)",50
Heart Disease,C,0.5,7,118,73,0.8166666666666661,0.8148148148148141,0.785714285714285,0.8437500000000001,0.8,0.9296875,0.9442141056060791,0.34662726521492004,Control C (Ablated Entanglement),50
Heart Disease,D,0.5,7,118,49,0.8166666666666661,0.7931034482758621,0.8214285714285711,0.8125,0.8070175438596491,0.892857142857142,0.8832521438598631,0.34108445048332203,Control D (Frozen Feature Map),50
Heart Disease,A,0.5,8,118,73,0.7833333333333331,0.8571428571428571,0.642857142857142,0.9062500000000001,0.73469387755102,0.816964285714285,1.08913516998291,0.25747996568679804,"Control A (Hybrid VQC, 73p)",50
Heart Disease,B,0.5,8,118,73,0.85,0.9523809523809521,0.7142857142857141,0.9687500000000001,0.816326530612244,0.9397321428571421,0.014994621276855,0.309507220983505,"Control B (Classical MLP, 73p)",50
Heart Disease,C,0.5,8,118,73,0.833333333333333,0.9500000000000001,0.678571428571428,0.9687500000000001,0.7916666666666661,0.920758928571428,0.9622139930725091,0.31143784523010204,Control C (Ablated Entanglement),50
Heart Disease,D,0.5,8,118,49,0.85,1.0,0.678571428571428,1.0,0.8085106382978721,0.895089285714285,0.8608436584472651,0.31924349069595304,Control D (Frozen Feature Map),50
Heart Disease,A,0.5,9,118,73,0.833333333333333,0.9090909090909091,0.7142857142857141,0.9375,0.8,0.9252232142857141,1.054574012756347,0.23176024854183103,"Control A (Hybrid VQC, 73p)",50
Heart Disease,B,0.5,9,118,73,0.85,0.88,0.785714285714285,0.9062500000000001,0.8301886792452831,0.949776785714285,0.022929430007934,0.301309734582901,"Control B (Classical MLP, 73p)",50
Heart Disease,C,0.5,9,118,73,0.85,0.9130434782608691,0.75,0.9375,0.8235294117647051,0.953125,0.969393014907836,0.277264535427093,Control C (Ablated Entanglement),50
Heart Disease,D,0.5,9,118,49,0.866666666666666,0.884615384615384,0.8214285714285711,0.9062500000000001,0.8518518518518511,0.9587053571428571,0.903321981430053,0.33794891834259,Control D (Frozen Feature Map),50
Heart Disease,A,1.0,0,237,73,0.85,0.88,0.785714285714285,0.9062500000000001,0.8301886792452831,0.952008928571428,1.756713628768921,0.3517607152462,"Control A (Hybrid VQC, 73p)",100
Heart Disease,B,1.0,0,237,73,0.833333333333333,0.846153846153846,0.785714285714285,0.875,0.8148148148148141,0.952008928571428,0.027707576751708003,0.364865332841873,"Control B (Classical MLP, 73p)",100
Heart Disease,C,1.0,0,237,73,0.833333333333333,0.846153846153846,0.785714285714285,0.875,0.8148148148148141,0.9375,1.627556562423706,0.341152608394622,Control C (Ablated Entanglement),100
Heart Disease,D,1.0,0,237,49,0.85,0.9130434782608691,0.75,0.9375,0.8235294117647051,0.952008928571428,1.38362169265747,0.372887074947357,Control D (Frozen Feature Map),100
Heart Disease,A,1.0,1,237,73,0.833333333333333,0.875,0.75,0.9062500000000001,0.807692307692307,0.9475446428571421,1.746686220169067,0.35349652171134904,"Control A (Hybrid VQC, 73p)",100
Heart Disease,B,1.0,1,237,73,0.833333333333333,0.846153846153846,0.785714285714285,0.875,0.8148148148148141,0.949776785714285,0.027751684188842003,0.376180261373519,"Control B (Classical MLP, 73p)",100
Heart Disease,C,1.0,1,237,73,0.833333333333333,0.875,0.75,0.9062500000000001,0.807692307692307,0.9564732142857141,1.680284023284912,0.341399759054183,Control C (Ablated Entanglement),100
Heart Disease,D,1.0,1,237,49,0.833333333333333,0.9500000000000001,0.678571428571428,0.9687500000000001,0.7916666666666661,0.952008928571428,1.388724565505981,0.378150016069412,Control D (Frozen Feature Map),100
Heart Disease,A,1.0,2,237,73,0.833333333333333,0.875,0.75,0.9062500000000001,0.807692307692307,0.952008928571428,1.766297578811645,0.36562871932983404,"Control A (Hybrid VQC, 73p)",100
Heart Disease,B,1.0,2,237,73,0.833333333333333,0.846153846153846,0.785714285714285,0.875,0.8148148148148141,0.9408482142857141,0.029955625534057003,0.36640673875808705,"Control B (Classical MLP, 73p)",100
Heart Disease,C,1.0,2,237,73,0.85,0.88,0.785714285714285,0.9062500000000001,0.8301886792452831,0.9464285714285711,1.651890516281128,0.37687584757804804,Control C (Ablated Entanglement),100
Heart Disease,D,1.0,2,237,49,0.85,0.88,0.785714285714285,0.9062500000000001,0.8301886792452831,0.953125,1.426278591156005,0.38205260038375805,Control D (Frozen Feature Map),100
Heart Disease,A,1.0,3,237,73,0.833333333333333,0.846153846153846,0.785714285714285,0.875,0.8148148148148141,0.9508928571428571,1.73588228225708,0.364519774913787,"Control A (Hybrid VQC, 73p)",100
Heart Disease,B,1.0,3,237,73,0.833333333333333,0.846153846153846,0.785714285714285,0.875,0.8148148148148141,0.944196428571428,0.025111436843872,0.360570460557937,"Control B (Classical MLP, 73p)",100
Heart Disease,C,1.0,3,237,73,0.833333333333333,0.846153846153846,0.785714285714285,0.875,0.8148148148148141,0.9296875,1.570184469223022,0.35533303022384605,Control C (Ablated Entanglement),100
Heart Disease,D,1.0,3,237,49,0.8833333333333331,0.92,0.8214285714285711,0.9375,0.867924528301886,0.936383928571428,1.406177759170532,0.37180262804031305,Control D (Frozen Feature Map),100
Heart Disease,A,1.0,4,237,73,0.833333333333333,0.846153846153846,0.785714285714285,0.875,0.8148148148148141,0.9553571428571421,1.6939148902893062,0.358867019414901,"Control A (Hybrid VQC, 73p)",100
Heart Disease,B,1.0,4,237,73,0.8166666666666661,0.84,0.75,0.875,0.7924528301886791,0.9542410714285711,0.022635459899902,0.37319839000701904,"Control B (Classical MLP, 73p)",100
Heart Disease,C,1.0,4,237,73,0.85,0.88,0.785714285714285,0.9062500000000001,0.8301886792452831,0.957589285714285,1.57638669013977,0.371229529380798,Control C (Ablated Entanglement),100
Heart Disease,D,1.0,4,237,49,0.85,0.88,0.785714285714285,0.9062500000000001,0.8301886792452831,0.9308035714285711,1.318891763687133,0.404988676309585,Control D (Frozen Feature Map),100
Heart Disease,A,1.0,5,237,73,0.833333333333333,0.846153846153846,0.785714285714285,0.875,0.8148148148148141,0.953125,1.680469036102295,0.36080151796340904,"Control A (Hybrid VQC, 73p)",100
Heart Disease,B,1.0,5,237,73,0.833333333333333,0.846153846153846,0.785714285714285,0.875,0.8148148148148141,0.949776785714285,0.025122404098510003,0.372598707675933,"Control B (Classical MLP, 73p)",100
Heart Disease,C,1.0,5,237,73,0.833333333333333,0.875,0.75,0.9062500000000001,0.807692307692307,0.9464285714285711,1.579055309295654,0.361860573291778,Control C (Ablated Entanglement),100
Heart Disease,D,1.0,5,237,49,0.8833333333333331,0.956521739130434,0.785714285714285,0.9687500000000001,0.8627450980392151,0.965401785714285,1.277898788452148,0.39635157585144004,Control D (Frozen Feature Map),100
Heart Disease,A,1.0,6,237,73,0.866666666666666,0.884615384615384,0.8214285714285711,0.9062500000000001,0.8518518518518511,0.9486607142857141,1.652251482009887,0.37287488579750006,"Control A (Hybrid VQC, 73p)",100
Heart Disease,B,1.0,6,237,73,0.833333333333333,0.846153846153846,0.785714285714285,0.875,0.8148148148148141,0.9475446428571421,0.027765035629272003,0.36534878611564603,"Control B (Classical MLP, 73p)",100
Heart Disease,C,1.0,6,237,73,0.833333333333333,0.846153846153846,0.785714285714285,0.875,0.8148148148148141,0.9464285714285711,1.7477571964263912,0.361928701400756,Control C (Ablated Entanglement),100
Heart Disease,D,1.0,6,237,49,0.866666666666666,0.9166666666666661,0.785714285714285,0.9375,0.846153846153846,0.9587053571428571,1.534884452819824,0.40275019407272306,Control D (Frozen Feature Map),100
Heart Disease,A,1.0,7,237,73,0.85,0.88,0.785714285714285,0.9062500000000001,0.8301886792452831,0.9486607142857141,1.860844612121582,0.351955950260162,"Control A (Hybrid VQC, 73p)",100
Heart Disease,B,1.0,7,237,73,0.833333333333333,0.846153846153846,0.785714285714285,0.875,0.8148148148148141,0.941964285714285,0.056876897811889,0.369285941123962,"Control B (Classical MLP, 73p)",100
Heart Disease,C,1.0,7,237,73,0.833333333333333,0.846153846153846,0.785714285714285,0.875,0.8148148148148141,0.952008928571428,1.671544075012207,0.35130372643470703,Control C (Ablated Entanglement),100
Heart Disease,D,1.0,7,237,49,0.833333333333333,0.846153846153846,0.785714285714285,0.875,0.8148148148148141,0.9252232142857141,1.39525294303894,0.40680783987045205,Control D (Frozen Feature Map),100
Heart Disease,A,1.0,8,237,73,0.866666666666666,0.9166666666666661,0.785714285714285,0.9375,0.846153846153846,0.9587053571428571,1.804583549499511,0.36528059840202304,"Control A (Hybrid VQC, 73p)",100
Heart Disease,B,1.0,8,237,73,0.8166666666666661,0.8148148148148141,0.785714285714285,0.8437500000000001,0.8,0.9508928571428571,0.040346384048461005,0.36631670594215304,"Control B (Classical MLP, 73p)",100
Heart Disease,C,1.0,8,237,73,0.8166666666666661,0.8148148148148141,0.785714285714285,0.8437500000000001,0.8,0.9408482142857141,1.701117277145385,0.35819053649902305,Control C (Ablated Entanglement),100
Heart Disease,D,1.0,8,237,49,0.833333333333333,0.875,0.75,0.9062500000000001,0.807692307692307,0.9430803571428571,1.5997281074523921,0.36249125003814703,Control D (Frozen Feature Map),100
Heart Disease,A,1.0,9,237,73,0.85,0.8518518518518511,0.8214285714285711,0.875,0.8363636363636361,0.959821428571428,1.86082911491394,0.33885398507118203,"Control A (Hybrid VQC, 73p)",100
Heart Disease,B,1.0,9,237,73,0.8166666666666661,0.84,0.75,0.875,0.7924528301886791,0.953125,0.020600795745849002,0.37284192442893904,"Control B (Classical MLP, 73p)",100
Heart Disease,C,1.0,9,237,73,0.833333333333333,0.846153846153846,0.785714285714285,0.875,0.8148148148148141,0.953125,1.7409939765930171,0.36008971929550104,Control C (Ablated Entanglement),100
Heart Disease,D,1.0,9,237,49,0.833333333333333,0.875,0.75,0.9062500000000001,0.807692307692307,0.9352678571428571,1.6510694026947021,0.39027315378189004,Control D (Frozen Feature Map),100
Parkinson's,A,0.1,0,15,73,0.846153846153846,0.8709677419354831,0.9310344827586201,0.6000000000000001,0.9,0.83103448275862,0.8333101272583001,0.001054277759976,"Control A (Hybrid VQC, 73p)",10
Parkinson's,B,0.1,0,15,73,0.794871794871794,0.8387096774193541,0.896551724137931,0.5,0.866666666666666,0.8379310344827581,0.020821571350097,0.0032680169679220003,"Control B (Classical MLP, 73p)",10
Parkinson's,C,0.1,0,15,73,0.82051282051282,0.8437500000000001,0.9310344827586201,0.5,0.885245901639344,0.8896551724137931,0.6730268001556391,0.0033132976386690003,Control C (Ablated Entanglement),10
Parkinson's,D,0.1,0,15,49,0.769230769230769,0.777777777777777,0.96551724137931,0.2,0.861538461538461,0.899999999999999,0.638624668121337,0.092946380376815,Control D (Frozen Feature Map),10
Parkinson's,A,0.1,1,15,73,0.6153846153846151,0.8888888888888881,0.551724137931034,0.8,0.6808510638297871,0.6948275862068961,0.7982375621795651,0.010297906585037,"Control A (Hybrid VQC, 73p)",10
Parkinson's,B,0.1,1,15,73,0.7435897435897431,0.9130434782608691,0.7241379310344821,0.8,0.807692307692307,0.803448275862068,0.02081298828125,0.021949393674731,"Control B (Classical MLP, 73p)",10
Parkinson's,C,0.1,1,15,73,0.7435897435897431,0.88,0.758620689655172,0.7000000000000001,0.8148148148148141,0.7241379310344821,0.6660444736480711,0.014703034423291001,Control C (Ablated Entanglement),10
Parkinson's,D,0.1,1,15,49,0.6153846153846151,0.818181818181818,0.620689655172413,0.6000000000000001,0.7058823529411761,0.651724137931034,0.6600348949432371,0.069092728197574,Control D (Frozen Feature Map),10
Parkinson's,A,0.1,2,15,73,0.5641025641025641,0.6875,0.758620689655172,0.0,0.7213114754098361,0.48620689655172405,0.7493126392364501,0.021961299702525,"Control A (Hybrid VQC, 73p)",10
Parkinson's,B,0.1,2,15,73,0.6410256410256411,0.7272727272727271,0.827586206896551,0.1,0.7741935483870961,0.217241379310344,0.015204429626464,0.038918074220418,"Control B (Classical MLP, 73p)",10
Parkinson's,C,0.1,2,15,73,0.6410256410256411,0.7272727272727271,0.827586206896551,0.1,0.7741935483870961,0.310344827586206,0.673678159713745,0.17659284174442202,Control C (Ablated Entanglement),10
Parkinson's,D,0.1,2,15,49,0.5897435897435891,0.7096774193548381,0.758620689655172,0.1,0.7333333333333331,0.427586206896551,0.6522367000579831,0.280020624399185,Control D (Frozen Feature Map),10
Parkinson's,A,0.1,3,15,73,0.794871794871794,0.8888888888888881,0.827586206896551,0.7000000000000001,0.8571428571428571,0.7793103448275861,0.729161977767944,0.002599839819595,"Control A (Hybrid VQC, 73p)",10
Parkinson's,B,0.1,3,15,73,0.82051282051282,0.923076923076923,0.827586206896551,0.8,0.872727272727272,0.8793103448275861,0.014090299606323001,0.003113631624728,"Control B (Classical MLP, 73p)",10
Parkinson's,C,0.1,3,15,73,0.794871794871794,0.92,0.7931034482758621,0.8,0.8518518518518511,0.8896551724137931,0.646495103836059,0.0025050828699020003,Control C (Ablated Entanglement),10
Parkinson's,D,0.1,3,15,49,0.794871794871794,0.92,0.7931034482758621,0.8,0.8518518518518511,0.858620689655172,0.639040470123291,0.11225850880146,Control D (Frozen Feature Map),10
Parkinson's,A,0.1,4,15,73,0.82051282051282,0.892857142857142,0.8620689655172411,0.7000000000000001,0.8771929824561401,0.789655172413793,0.7787530422210691,0.011747119016945001,"Control A (Hybrid VQC, 73p)",10
Parkinson's,B,0.1,4,15,73,0.871794871794871,0.9,0.9310344827586201,0.7000000000000001,0.915254237288135,0.872413793103448,0.018722772598266,0.03144197911024,"Control B (Classical MLP, 73p)",10
Parkinson's,C,0.1,4,15,73,0.871794871794871,0.9,0.9310344827586201,0.7000000000000001,0.915254237288135,0.924137931034482,0.674026727676391,0.016614889726042,Control C (Ablated Entanglement),10
Parkinson's,D,0.1,4,15,49,0.7179487179487181,0.8,0.827586206896551,0.4,0.813559322033898,0.7000000000000001,0.6463162899017331,0.184113070368766,Control D (Frozen Feature Map),10
Parkinson's,A,0.1,5,15,73,0.769230769230769,0.794117647058823,0.9310344827586201,0.30000000000000004,0.8571428571428571,0.73103448275862,0.7499282360076901,0.000899147591553,"Control A (Hybrid VQC, 73p)",10
Parkinson's,B,0.1,5,15,73,0.82051282051282,0.805555555555555,1.0,0.30000000000000004,0.892307692307692,0.7413793103448271,0.020802259445190003,0.001981528243049,"Control B (Classical MLP, 73p)",10
Parkinson's,C,0.1,5,15,73,0.82051282051282,0.805555555555555,1.0,0.30000000000000004,0.892307692307692,0.717241379310344,0.645448207855224,0.0038704874459650003,Control C (Ablated Entanglement),10
Parkinson's,D,0.1,5,15,49,0.794871794871794,0.8387096774193541,0.896551724137931,0.5,0.866666666666666,0.7793103448275861,0.6111426353454591,0.053608436137437,Control D (Frozen Feature Map),10
Parkinson's,A,0.1,6,15,73,0.846153846153846,0.896551724137931,0.896551724137931,0.7000000000000001,0.896551724137931,0.886206896551724,0.763973236083984,0.007780535612255001,"Control A (Hybrid VQC, 73p)",10
Parkinson's,B,0.1,6,15,73,0.846153846153846,0.8709677419354831,0.9310344827586201,0.6000000000000001,0.9,0.9068965517241371,0.012164831161499001,0.036572229117155006,"Control B (Classical MLP, 73p)",10
Parkinson's,C,0.1,6,15,73,0.794871794871794,0.8620689655172411,0.8620689655172411,0.6000000000000001,0.8620689655172411,0.8931034482758621,0.623010635375976,0.002866675611585,Control C (Ablated Entanglement),10
Parkinson's,D,0.1,6,15,49,0.846153846153846,0.8709677419354831,0.9310344827586201,0.6000000000000001,0.9,0.855172413793103,0.618191480636596,0.020629215985536003,Control D (Frozen Feature Map),10
Parkinson's,A,0.1,7,15,73,0.6153846153846151,0.769230769230769,0.689655172413793,0.4,0.7272727272727271,0.634482758620689,0.75502324104309,0.0014526059385380002,"Control A (Hybrid VQC, 73p)",10
Parkinson's,B,0.1,7,15,73,0.7179487179487181,0.9500000000000001,0.6551724137931031,0.9,0.7755102040816321,0.83103448275862,0.012370586395263,0.019796648994088003,"Control B (Classical MLP, 73p)",10
Parkinson's,C,0.1,7,15,73,0.6923076923076921,0.9473684210526311,0.620689655172413,0.9,0.75,0.855172413793103,0.632761478424072,0.06350650638341901,Control C (Ablated Entanglement),10
Parkinson's,D,0.1,7,15,49,0.6666666666666661,0.8636363636363631,0.6551724137931031,0.7000000000000001,0.7450980392156861,0.772413793103448,0.603539228439331,0.052985500544309005,Control D (Frozen Feature Map),10
Parkinson's,A,0.1,8,15,73,0.7435897435897431,0.8518518518518511,0.7931034482758621,0.6000000000000001,0.8214285714285711,0.7000000000000001,0.7563343048095701,0.007687984034419001,"Control A (Hybrid VQC, 73p)",10
Parkinson's,B,0.1,8,15,73,0.7179487179487181,0.7812500000000001,0.8620689655172411,0.30000000000000004,0.8196721311475411,0.8206896551724131,0.020675420761108003,0.073810942471027,"Control B (Classical MLP, 73p)",10
Parkinson's,C,0.1,8,15,73,0.82051282051282,0.892857142857142,0.8620689655172411,0.7000000000000001,0.8771929824561401,0.8655172413793101,0.7914600372314451,0.016035256907343,Control C (Ablated Entanglement),10
Parkinson's,D,0.1,8,15,49,0.6410256410256411,0.758620689655172,0.758620689655172,0.30000000000000004,0.758620689655172,0.6275862068965511,0.7927558422088621,0.034542731940746,Control D (Frozen Feature Map),10
Parkinson's,A,0.1,9,15,73,0.846153846153846,0.896551724137931,0.896551724137931,0.7000000000000001,0.896551724137931,0.8,0.7845656871795651,0.00056179537205,"Control A (Hybrid VQC, 73p)",10
Parkinson's,B,0.1,9,15,73,0.871794871794871,0.875,0.96551724137931,0.6000000000000001,0.918032786885245,0.8379310344827581,0.01743721961975,0.0020851932931690003,"Control B (Classical MLP, 73p)",10
Parkinson's,C,0.1,9,15,73,0.897435897435897,0.9032258064516121,0.96551724137931,0.7000000000000001,0.9333333333333331,0.841379310344827,0.639167308807373,0.004270310048013,Control C (Ablated Entanglement),10
Parkinson's,D,0.1,9,15,49,0.871794871794871,0.875,0.96551724137931,0.6000000000000001,0.918032786885245,0.8344827586206891,0.6107435226440431,0.030584564432501002,Control D (Frozen Feature Map),10
Parkinson's,A,0.25,0,39,73,0.897435897435897,0.9032258064516121,0.96551724137931,0.7000000000000001,0.9333333333333331,0.9172413793103441,0.874691724777221,0.193889930844306,"Control A (Hybrid VQC, 73p)",25
Parkinson's,B,0.25,0,39,73,0.897435897435897,0.9032258064516121,0.96551724137931,0.7000000000000001,0.9333333333333331,0.9344827586206891,0.020877122879028,0.239220932126045,"Control B (Classical MLP, 73p)",25
Parkinson's,C,0.25,0,39,73,0.871794871794871,0.9,0.9310344827586201,0.7000000000000001,0.915254237288135,0.924137931034482,0.7257194519042961,0.114707201719284,Control C (Ablated Entanglement),25
Parkinson's,D,0.25,0,39,49,0.897435897435897,0.9310344827586201,0.9310344827586201,0.8,0.9310344827586201,0.872413793103448,0.6940069198608391,0.13339810073375702,Control D (Frozen Feature Map),25
Parkinson's,A,0.25,1,39,73,0.846153846153846,0.925925925925925,0.8620689655172411,0.8,0.892857142857142,0.799999999999999,0.860628128051757,0.06930829584598501,"Control A (Hybrid VQC, 73p)",25
Parkinson's,B,0.25,1,39,73,0.82051282051282,0.923076923076923,0.827586206896551,0.8,0.872727272727272,0.8517241379310341,0.013577222824096001,0.23915931582450803,"Control B (Classical MLP, 73p)",25
Parkinson's,C,0.25,1,39,73,0.794871794871794,0.92,0.7931034482758621,0.8,0.8518518518518511,0.8758620689655171,0.7387926578521721,0.19138337671756703,Control C (Ablated Entanglement),25
Parkinson's,D,0.25,1,39,49,0.7435897435897431,0.9523809523809521,0.689655172413793,0.9,0.8,0.8758620689655171,0.6847646236419671,0.256160497665405,Control D (Frozen Feature Map),25
Parkinson's,A,0.25,2,39,73,0.6923076923076921,0.7741935483870961,0.827586206896551,0.30000000000000004,0.8,0.7241379310344821,0.817670106887817,0.257206499576568,"Control A (Hybrid VQC, 73p)",25
Parkinson's,B,0.25,2,39,73,0.794871794871794,0.8387096774193541,0.896551724137931,0.5,0.866666666666666,0.789655172413793,0.013522148132324002,0.251489222049713,"Control B (Classical MLP, 73p)",25
Parkinson's,C,0.25,2,39,73,0.7435897435897431,0.7435897435897431,1.0,0.0,0.8529411764705881,0.813793103448275,0.7152523994445801,0.536359429359436,Control C (Ablated Entanglement),25
Parkinson's,D,0.25,2,39,49,0.82051282051282,0.866666666666666,0.896551724137931,0.6000000000000001,0.881355932203389,0.7965517241379311,0.708120346069335,0.296604186296463,Control D (Frozen Feature Map),25
Parkinson's,A,0.25,3,39,73,0.871794871794871,0.928571428571428,0.896551724137931,0.8,0.912280701754385,0.9,0.8407239913940431,0.09528812021017001,"Control A (Hybrid VQC, 73p)",25
Parkinson's,B,0.25,3,39,73,0.871794871794871,0.928571428571428,0.896551724137931,0.8,0.912280701754385,0.8620689655172411,0.021869421005249003,0.15743835270404802,"Control B (Classical MLP, 73p)",25
Parkinson's,C,0.25,3,39,73,0.871794871794871,0.928571428571428,0.896551724137931,0.8,0.912280701754385,0.817241379310344,0.7363781929016111,0.156194448471069,Control C (Ablated Entanglement),25
Parkinson's,D,0.25,3,39,49,0.871794871794871,0.928571428571428,0.896551724137931,0.8,0.912280701754385,0.83103448275862,0.711460590362548,0.249588504433631,Control D (Frozen Feature Map),25
Parkinson's,A,0.25,4,39,73,0.923076923076923,0.9333333333333331,0.96551724137931,0.8,0.949152542372881,0.9310344827586201,0.8610074520111081,0.094832897186279,"Control A (Hybrid VQC, 73p)",25
Parkinson's,B,0.25,4,39,73,0.923076923076923,0.9333333333333331,0.96551724137931,0.8,0.949152542372881,0.9310344827586201,0.014573812484741001,0.119549356400966,"Control B (Classical MLP, 73p)",25
Parkinson's,C,0.25,4,39,73,0.923076923076923,0.9333333333333331,0.96551724137931,0.8,0.949152542372881,0.937931034482758,0.784895181655883,0.07681004703044801,Control C (Ablated Entanglement),25
Parkinson's,D,0.25,4,39,49,0.897435897435897,0.9032258064516121,0.96551724137931,0.7000000000000001,0.9333333333333331,0.9172413793103441,0.700829267501831,0.280247867107391,Control D (Frozen Feature Map),25
Parkinson's,A,0.25,5,39,73,0.82051282051282,0.923076923076923,0.827586206896551,0.8,0.872727272727272,0.9310344827586201,0.895317792892456,0.05803109332919101,"Control A (Hybrid VQC, 73p)",25
Parkinson's,B,0.25,5,39,73,0.846153846153846,0.8709677419354831,0.9310344827586201,0.6000000000000001,0.9,0.9310344827586201,0.019118070602416,0.184244856238365,"Control B (Classical MLP, 73p)",25
Parkinson's,C,0.25,5,39,73,0.846153846153846,0.8709677419354831,0.9310344827586201,0.6000000000000001,0.9,0.927586206896551,0.7544112205505371,0.222533956170082,Control C (Ablated Entanglement),25
Parkinson's,D,0.25,5,39,49,0.794871794871794,0.8888888888888881,0.827586206896551,0.7000000000000001,0.8571428571428571,0.8758620689655171,0.7090356349945061,0.31820726394653304,Control D (Frozen Feature Map),25
Parkinson's,A,0.25,6,39,73,0.7435897435897431,0.88,0.758620689655172,0.7000000000000001,0.8148148148148141,0.8896551724137931,0.8391427993774411,0.187063559889793,"Control A (Hybrid VQC, 73p)",25
Parkinson's,B,0.25,6,39,73,0.897435897435897,0.9032258064516121,0.96551724137931,0.7000000000000001,0.9333333333333331,0.941379310344827,0.018326759338378,0.176990047097206,"Control B (Classical MLP, 73p)",25
Parkinson's,C,0.25,6,39,73,0.871794871794871,0.928571428571428,0.896551724137931,0.8,0.912280701754385,0.924137931034482,0.736477375030517,0.09083086252212501,Control C (Ablated Entanglement),25
Parkinson's,D,0.25,6,39,49,0.897435897435897,0.9310344827586201,0.9310344827586201,0.8,0.9310344827586201,0.9068965517241371,0.687921524047851,0.11729706078767702,Control D (Frozen Feature Map),25
Parkinson's,A,0.25,7,39,73,0.871794871794871,0.9615384615384611,0.8620689655172411,0.9,0.9090909090909091,0.9758620689655171,0.8474962711334221,0.067524276673793,"Control A (Hybrid VQC, 73p)",25
Parkinson's,B,0.25,7,39,73,0.846153846153846,0.925925925925925,0.8620689655172411,0.8,0.892857142857142,0.9448275862068961,0.023731470108032,0.24641688168048803,"Control B (Classical MLP, 73p)",25
Parkinson's,C,0.25,7,39,73,0.897435897435897,0.962962962962962,0.896551724137931,0.9,0.928571428571428,0.96551724137931,0.7500226497650141,0.20963218808174103,Control C (Ablated Entanglement),25
Parkinson's,D,0.25,7,39,49,0.871794871794871,0.9615384615384611,0.8620689655172411,0.9,0.9090909090909091,0.955172413793103,0.664868593215942,0.26513600349426203,Control D (Frozen Feature Map),25
Parkinson's,A,0.25,8,39,73,0.794871794871794,0.8888888888888881,0.827586206896551,0.7000000000000001,0.8571428571428571,0.8,0.8402101993560791,0.10946668684482501,"Control A (Hybrid VQC, 73p)",25
Parkinson's,B,0.25,8,39,73,0.897435897435897,0.9310344827586201,0.9310344827586201,0.8,0.9310344827586201,0.913793103448275,0.020948886871337002,0.24258713424205702,"Control B (Classical MLP, 73p)",25
Parkinson's,C,0.25,8,39,73,0.897435897435897,0.9310344827586201,0.9310344827586201,0.8,0.9310344827586201,0.9344827586206891,0.7287771701812741,0.12620091438293402,Control C (Ablated Entanglement),25
Parkinson's,D,0.25,8,39,49,0.846153846153846,0.896551724137931,0.896551724137931,0.7000000000000001,0.896551724137931,0.8620689655172411,0.680153369903564,0.09199608117341901,Control D (Frozen Feature Map),25
Parkinson's,A,0.25,9,39,73,0.769230769230769,0.884615384615384,0.7931034482758621,0.7000000000000001,0.8363636363636361,0.896551724137931,0.840259552001953,0.059415388852357004,"Control A (Hybrid VQC, 73p)",25
Parkinson's,B,0.25,9,39,73,0.871794871794871,0.9,0.9310344827586201,0.7000000000000001,0.915254237288135,0.9068965517241371,0.014611005783081001,0.128209128975868,"Control B (Classical MLP, 73p)",25
Parkinson's,C,0.25,9,39,73,0.923076923076923,0.9333333333333331,0.96551724137931,0.8,0.949152542372881,0.968965517241379,0.7155077457427971,0.160213634371757,Control C (Ablated Entanglement),25
Parkinson's,D,0.25,9,39,49,0.923076923076923,0.9062500000000001,1.0,0.7000000000000001,0.950819672131147,0.9448275862068961,0.707294702529907,0.325673818588256,Control D (Frozen Feature Map),25
Parkinson's,A,0.5,0,78,73,0.846153846153846,0.8484848484848481,0.96551724137931,0.5,0.9032258064516121,0.9310344827586201,0.9582808017730711,0.24618121981620703,"Control A (Hybrid VQC, 73p)",50
Parkinson's,B,0.5,0,78,73,0.897435897435897,0.9032258064516121,0.96551724137931,0.7000000000000001,0.9333333333333331,0.924137931034482,0.013397455215454001,0.32186371088027904,"Control B (Classical MLP, 73p)",50
Parkinson's,C,0.5,0,78,73,0.897435897435897,0.9032258064516121,0.96551724137931,0.7000000000000001,0.9333333333333331,0.9344827586206891,0.854549884796142,0.23592455685138702,Control C (Ablated Entanglement),50
Parkinson's,D,0.5,0,78,49,0.923076923076923,0.9062500000000001,1.0,0.7000000000000001,0.950819672131147,0.9310344827586201,0.760403156280517,0.18878406286239602,Control D (Frozen Feature Map),50
Parkinson's,A,0.5,1,78,73,0.871794871794871,0.928571428571428,0.896551724137931,0.8,0.912280701754385,0.9758620689655171,0.951847791671752,0.22685131430625902,"Control A (Hybrid VQC, 73p)",50
Parkinson's,B,0.5,1,78,73,0.871794871794871,0.9,0.9310344827586201,0.7000000000000001,0.915254237288135,0.927586206896551,0.013583898544311001,0.282351016998291,"Control B (Classical MLP, 73p)",50
Parkinson's,C,0.5,1,78,73,0.871794871794871,0.875,0.96551724137931,0.6000000000000001,0.918032786885245,0.913793103448275,0.8394858837127681,0.244383856654167,Control C (Ablated Entanglement),50
Parkinson's,D,0.5,1,78,49,0.769230769230769,0.8571428571428571,0.827586206896551,0.6000000000000001,0.842105263157894,0.896551724137931,0.77808666229248,0.33927524089813205,Control D (Frozen Feature Map),50
Parkinson's,A,0.5,2,78,73,0.846153846153846,0.896551724137931,0.896551724137931,0.7000000000000001,0.896551724137931,0.8793103448275861,0.951387166976928,0.287028789520263,"Control A (Hybrid VQC, 73p)",50
Parkinson's,B,0.5,2,78,73,0.794871794871794,0.8620689655172411,0.8620689655172411,0.6000000000000001,0.8620689655172411,0.8620689655172411,0.014430522918701002,0.33830595016479403,"Control B (Classical MLP, 73p)",50
Parkinson's,C,0.5,2,78,73,0.7435897435897431,0.7435897435897431,1.0,0.0,0.8529411764705881,0.717241379310344,0.827500104904174,0.553992807865142,Control C (Ablated Entanglement),50
Parkinson's,D,0.5,2,78,49,0.794871794871794,0.8620689655172411,0.8620689655172411,0.6000000000000001,0.8620689655172411,0.8655172413793101,0.763937711715698,0.363701343536376,Control D (Frozen Feature Map),50
Parkinson's,A,0.5,3,78,73,0.82051282051282,0.923076923076923,0.827586206896551,0.8,0.872727272727272,0.882758620689655,0.944177150726318,0.20842422544956202,"Control A (Hybrid VQC, 73p)",50
Parkinson's,B,0.5,3,78,73,0.897435897435897,0.9310344827586201,0.9310344827586201,0.8,0.9310344827586201,0.9310344827586201,0.014202117919921,0.27122700214385903,"Control B (Classical MLP, 73p)",50
Parkinson's,C,0.5,3,78,73,0.9487179487179481,0.9354838709677411,1.0,0.8,0.9666666666666661,0.941379310344827,0.874951839447021,0.266521215438842,Control C (Ablated Entanglement),50
Parkinson's,D,0.5,3,78,49,0.794871794871794,0.92,0.7931034482758621,0.8,0.8518518518518511,0.872413793103448,0.7913990020751951,0.23060093820095,Control D (Frozen Feature Map),50
Parkinson's,A,0.5,4,78,73,0.923076923076923,0.9333333333333331,0.96551724137931,0.8,0.949152542372881,0.9586206896551721,0.9372339248657221,0.226772502064704,"Control A (Hybrid VQC, 73p)",50
Parkinson's,B,0.5,4,78,73,0.923076923076923,0.9333333333333331,0.96551724137931,0.8,0.949152542372881,0.9448275862068961,0.020124673843383,0.239116698503494,"Control B (Classical MLP, 73p)",50
Parkinson's,C,0.5,4,78,73,0.897435897435897,0.9310344827586201,0.9310344827586201,0.8,0.9310344827586201,0.9758620689655171,0.8326663970947261,0.16834911704063402,Control C (Ablated Entanglement),50
Parkinson's,D,0.5,4,78,49,0.7435897435897431,0.7435897435897431,1.0,0.0,0.8529411764705881,0.8482758620689651,0.792937994003295,0.3765589594841,Control D (Frozen Feature Map),50
Parkinson's,A,0.5,5,78,73,0.871794871794871,0.928571428571428,0.896551724137931,0.8,0.912280701754385,0.951724137931034,0.9957470893859861,0.085164375603199,"Control A (Hybrid VQC, 73p)",50
Parkinson's,B,0.5,5,78,73,0.897435897435897,0.9032258064516121,0.96551724137931,0.7000000000000001,0.9333333333333331,0.968965517241379,0.020833015441894,0.21752230823040003,"Control B (Classical MLP, 73p)",50
Parkinson's,C,0.5,5,78,73,0.871794871794871,0.928571428571428,0.896551724137931,0.8,0.912280701754385,0.9620689655172411,0.861832380294799,0.145799666643142,Control C (Ablated Entanglement),50
Parkinson's,D,0.5,5,78,49,0.871794871794871,0.9615384615384611,0.8620689655172411,0.9,0.9090909090909091,0.9482758620689651,0.7986559867858881,0.28510004281997603,Control D (Frozen Feature Map),50
Parkinson's,A,0.5,6,78,73,0.923076923076923,0.9333333333333331,0.96551724137931,0.8,0.949152542372881,0.968965517241379,0.963078498840332,0.25039717555046004,"Control A (Hybrid VQC, 73p)",50
Parkinson's,B,0.5,6,78,73,0.9487179487179481,0.9354838709677411,1.0,0.8,0.9666666666666661,0.968965517241379,0.020780801773071,0.265329509973526,"Control B (Classical MLP, 73p)",50
Parkinson's,C,0.5,6,78,73,0.871794871794871,0.9,0.9310344827586201,0.7000000000000001,0.915254237288135,0.9586206896551721,0.853925228118896,0.161696553230285,Control C (Ablated Entanglement),50
Parkinson's,D,0.5,6,78,49,0.846153846153846,1.0,0.7931034482758621,1.0,0.884615384615384,0.9448275862068961,0.7992200851440431,0.239674419164657,Control D (Frozen Feature Map),50
Parkinson's,A,0.5,7,78,73,0.923076923076923,0.9333333333333331,0.96551724137931,0.8,0.949152542372881,0.96551724137931,0.9793341159820551,0.15528230369091,"Control A (Hybrid VQC, 73p)",50
Parkinson's,B,0.5,7,78,73,0.897435897435897,0.9310344827586201,0.9310344827586201,0.8,0.9310344827586201,0.9482758620689651,0.013797283172607,0.298176139593124,"Control B (Classical MLP, 73p)",50
Parkinson's,C,0.5,7,78,73,0.871794871794871,0.9,0.9310344827586201,0.7000000000000001,0.915254237288135,0.9068965517241381,0.879638195037841,0.345418453216552,Control C (Ablated Entanglement),50
Parkinson's,D,0.5,7,78,49,0.871794871794871,0.875,0.96551724137931,0.6000000000000001,0.918032786885245,0.924137931034482,0.778180599212646,0.33482477068901,Control D (Frozen Feature Map),50
Parkinson's,A,0.5,8,78,73,0.871794871794871,0.928571428571428,0.896551724137931,0.8,0.912280701754385,0.9172413793103441,0.9626770019531251,0.14675223827362002,"Control A (Hybrid VQC, 73p)",50
Parkinson's,B,0.5,8,78,73,0.871794871794871,0.9,0.9310344827586201,0.7000000000000001,0.915254237288135,0.9172413793103441,0.020799875259399,0.285132467746734,"Control B (Classical MLP, 73p)",50
Parkinson's,C,0.5,8,78,73,0.923076923076923,0.9642857142857141,0.9310344827586201,0.9,0.9473684210526311,0.9620689655172411,0.8798091411590571,0.17492951452732,Control C (Ablated Entanglement),50
Parkinson's,D,0.5,8,78,49,0.923076923076923,0.9333333333333331,0.96551724137931,0.8,0.949152542372881,0.9482758620689651,0.7849092483520501,0.21913081407546903,Control D (Frozen Feature Map),50
Parkinson's,A,0.5,9,78,73,0.923076923076923,0.9642857142857141,0.9310344827586201,0.9,0.9473684210526311,0.9724137931034481,0.9657762050628661,0.13169053196907002,"Control A (Hybrid VQC, 73p)",50
Parkinson's,B,0.5,9,78,73,0.923076923076923,0.9333333333333331,0.96551724137931,0.8,0.949152542372881,0.9758620689655171,0.013482093811035002,0.23624175786972001,"Control B (Classical MLP, 73p)",50
Parkinson's,C,0.5,9,78,73,0.923076923076923,0.9062500000000001,1.0,0.7000000000000001,0.950819672131147,0.9724137931034481,0.8888242244720451,0.25106731057167003,Control C (Ablated Entanglement),50
Parkinson's,D,0.5,9,78,49,0.923076923076923,0.9062500000000001,1.0,0.7000000000000001,0.950819672131147,0.96551724137931,0.821135759353637,0.290367662906646,Control D (Frozen Feature Map),50
Parkinson's,A,1.0,0,156,73,0.82051282051282,0.923076923076923,0.827586206896551,0.8,0.872727272727272,0.9482758620689651,1.314819097518921,0.229863852262496,"Control A (Hybrid VQC, 73p)",100
Parkinson's,B,1.0,0,156,73,0.871794871794871,0.9,0.9310344827586201,0.7000000000000001,0.915254237288135,0.927586206896551,0.023569822311401003,0.368446886539459,"Control B (Classical MLP, 73p)",100
Parkinson's,C,1.0,0,156,73,0.897435897435897,0.9032258064516121,0.96551724137931,0.7000000000000001,0.9333333333333331,0.9482758620689651,1.201573848724365,0.281923472881317,Control C (Ablated Entanglement),100
Parkinson's,D,1.0,0,156,49,0.897435897435897,0.9032258064516121,0.96551724137931,0.7000000000000001,0.9333333333333331,0.9448275862068961,1.069267272949218,0.33482971787452703,Control D (Frozen Feature Map),100
Parkinson's,A,1.0,1,156,73,0.846153846153846,0.896551724137931,0.896551724137931,0.7000000000000001,0.896551724137931,0.937931034482758,1.312008142471313,0.22767861187458002,"Control A (Hybrid VQC, 73p)",100
Parkinson's,B,1.0,1,156,73,0.897435897435897,0.9032258064516121,0.96551724137931,0.7000000000000001,0.9333333333333331,0.951724137931034,0.023206472396850003,0.274407178163528,"Control B (Classical MLP, 73p)",100
Parkinson's,C,1.0,1,156,73,0.897435897435897,0.9032258064516121,0.96551724137931,0.7000000000000001,0.9333333333333331,0.982758620689655,1.126631736755371,0.23485249280929502,Control C (Ablated Entanglement),100
Parkinson's,D,1.0,1,156,49,0.82051282051282,0.892857142857142,0.8620689655172411,0.7000000000000001,0.8771929824561401,0.951724137931034,1.046313762664795,0.25566542148590005,Control D (Frozen Feature Map),100
Parkinson's,A,1.0,2,156,73,0.82051282051282,0.923076923076923,0.827586206896551,0.8,0.872727272727272,0.955172413793103,1.249732494354248,0.22228652238845803,"Control A (Hybrid VQC, 73p)",100
Parkinson's,B,1.0,2,156,73,0.897435897435897,0.9032258064516121,0.96551724137931,0.7000000000000001,0.9333333333333331,0.951724137931034,0.022907257080078,0.290702879428863,"Control B (Classical MLP, 73p)",100
Parkinson's,C,1.0,2,156,73,0.7435897435897431,0.7435897435897431,1.0,0.0,0.8529411764705881,0.83103448275862,1.11375617980957,0.546522498130798,Control C (Ablated Entanglement),100
Parkinson's,D,1.0,2,156,49,0.897435897435897,0.9032258064516121,0.96551724137931,0.7000000000000001,0.9333333333333331,0.9482758620689651,1.025924682617187,0.34819230437278703,Control D (Frozen Feature Map),100
Parkinson's,A,1.0,3,156,73,0.897435897435897,0.9032258064516121,0.96551724137931,0.7000000000000001,0.9333333333333331,0.951724137931034,1.2362725734710691,0.310094207525253,"Control A (Hybrid VQC, 73p)",100
Parkinson's,B,1.0,3,156,73,0.897435897435897,0.9032258064516121,0.96551724137931,0.7000000000000001,0.9333333333333331,0.951724137931034,0.020432233810424003,0.28465911746025,"Control B (Classical MLP, 73p)",100
Parkinson's,C,1.0,3,156,73,0.897435897435897,0.9032258064516121,0.96551724137931,0.7000000000000001,0.9333333333333331,0.9310344827586201,1.18137240409851,0.33122563362121504,Control C (Ablated Entanglement),100
Parkinson's,D,1.0,3,156,49,0.846153846153846,0.8709677419354831,0.9310344827586201,0.6000000000000001,0.9,0.913793103448275,1.039304256439209,0.366797417402267,Control D (Frozen Feature Map),100
Parkinson's,A,1.0,4,156,73,0.846153846153846,0.925925925925925,0.8620689655172411,0.8,0.892857142857142,0.9206896551724131,1.214812278747558,0.328406602144241,"Control A (Hybrid VQC, 73p)",100
Parkinson's,B,1.0,4,156,73,0.897435897435897,0.9032258064516121,0.96551724137931,0.7000000000000001,0.9333333333333331,0.9482758620689651,0.020844936370849002,0.29186090826988204,"Control B (Classical MLP, 73p)",100
Parkinson's,C,1.0,4,156,73,0.871794871794871,0.9,0.9310344827586201,0.7000000000000001,0.915254237288135,0.955172413793103,1.144942998886108,0.24766544997692103,Control C (Ablated Entanglement),100
Parkinson's,D,1.0,4,156,49,0.7435897435897431,0.7435897435897431,1.0,0.0,0.8529411764705881,0.9034482758620691,1.048891305923462,0.39921984076499906,Control D (Frozen Feature Map),100
Parkinson's,A,1.0,5,156,73,0.871794871794871,0.9615384615384611,0.8620689655172411,0.9,0.9090909090909091,0.951724137931034,1.3053836822509761,0.23371075093746102,"Control A (Hybrid VQC, 73p)",100
Parkinson's,B,1.0,5,156,73,0.897435897435897,0.9032258064516121,0.96551724137931,0.7000000000000001,0.9333333333333331,0.951724137931034,0.025462627410888002,0.26554197072982705,"Control B (Classical MLP, 73p)",100
Parkinson's,C,1.0,5,156,73,0.897435897435897,0.9032258064516121,0.96551724137931,0.7000000000000001,0.9333333333333331,0.941379310344827,1.173370838165283,0.241385579109191,Control C (Ablated Entanglement),100
Parkinson's,D,1.0,5,156,49,0.846153846153846,0.896551724137931,0.896551724137931,0.7000000000000001,0.896551724137931,0.924137931034482,1.023115396499633,0.33842059969902005,Control D (Frozen Feature Map),100
Parkinson's,A,1.0,6,156,73,0.794871794871794,0.8888888888888881,0.827586206896551,0.7000000000000001,0.8571428571428571,0.9482758620689651,1.250374317169189,0.24373419582843703,"Control A (Hybrid VQC, 73p)",100
Parkinson's,B,1.0,6,156,73,0.871794871794871,0.9,0.9310344827586201,0.7000000000000001,0.915254237288135,0.937931034482758,0.019575357437133,0.33301371335983204,"Control B (Classical MLP, 73p)",100
Parkinson's,C,1.0,6,156,73,0.846153846153846,0.925925925925925,0.8620689655172411,0.8,0.892857142857142,0.955172413793103,1.166071891784668,0.218403741717338,Control C (Ablated Entanglement),100
Parkinson's,D,1.0,6,156,49,0.923076923076923,0.9333333333333331,0.96551724137931,0.8,0.949152542372881,0.951724137931034,1.057373046875,0.31958299875259405,Control D (Frozen Feature Map),100
Parkinson's,A,1.0,7,156,73,0.871794871794871,0.928571428571428,0.896551724137931,0.8,0.912280701754385,0.9586206896551721,1.289645195007324,0.166245624423027,"Control A (Hybrid VQC, 73p)",100
Parkinson's,B,1.0,7,156,73,0.897435897435897,0.9032258064516121,0.96551724137931,0.7000000000000001,0.9333333333333331,0.9448275862068961,0.018145322799682003,0.286107540130615,"Control B (Classical MLP, 73p)",100
Parkinson's,C,1.0,7,156,73,0.897435897435897,0.9032258064516121,0.96551724137931,0.7000000000000001,0.9333333333333331,0.9448275862068961,1.15938115119934,0.25809833407402,Control C (Ablated Entanglement),100
Parkinson's,D,1.0,7,156,49,0.871794871794871,0.9,0.9310344827586201,0.7000000000000001,0.915254237288135,0.924137931034482,1.037446737289428,0.33475899696350103,Control D (Frozen Feature Map),100
Parkinson's,A,1.0,8,156,73,0.871794871794871,0.9615384615384611,0.8620689655172411,0.9,0.9090909090909091,0.9586206896551721,1.285916090011596,0.22630241513252203,"Control A (Hybrid VQC, 73p)",100
Parkinson's,B,1.0,8,156,73,0.897435897435897,0.9032258064516121,0.96551724137931,0.7000000000000001,0.9333333333333331,0.9482758620689651,0.025428771972656004,0.279378145933151,"Control B (Classical MLP, 73p)",100
Parkinson's,C,1.0,8,156,73,0.897435897435897,0.9032258064516121,0.96551724137931,0.7000000000000001,0.9333333333333331,0.9620689655172411,1.199910640716552,0.255061328411102,Control C (Ablated Entanglement),100
Parkinson's,D,1.0,8,156,49,0.897435897435897,0.962962962962962,0.896551724137931,0.9,0.928571428571428,0.955172413793103,1.046239614486694,0.22280266880989003,Control D (Frozen Feature Map),100
Parkinson's,A,1.0,9,156,73,0.9487179487179481,0.9354838709677411,1.0,0.8,0.9666666666666661,0.982758620689655,1.246988534927368,0.218612432479858,"Control A (Hybrid VQC, 73p)",100
Parkinson's,B,1.0,9,156,73,0.897435897435897,0.9032258064516121,0.96551724137931,0.7000000000000001,0.9333333333333331,0.9620689655172411,0.019305706024169002,0.26206898689270003,"Control B (Classical MLP, 73p)",100
Parkinson's,C,1.0,9,156,73,0.897435897435897,0.9032258064516121,0.96551724137931,0.7000000000000001,0.9333333333333331,0.96551724137931,1.15597915649414,0.259495258331298,Control C (Ablated Entanglement),100
Parkinson's,D,1.0,9,156,49,0.82051282051282,0.892857142857142,0.8620689655172411,0.7000000000000001,0.8771929824561401,0.9482758620689651,1.058290958404541,0.263975530862808,Control D (Frozen Feature Map),100
