dataset,size_pct,size_frac,control,control_label,n_seeds,n_train,auc_mean,auc_std,acc_mean,acc_std,sens_mean,sens_std,train_time_mean
Heart Disease,10,0.1,A,"Control A (Hybrid VQC, 73p)",10,23,0.8552455357142852,0.06907040575485916,0.768333333333333,0.07389097741409202,0.7821428571428568,0.0959054002910611,0.7879511356353757
Heart Disease,10,0.1,B,"Control B (Classical MLP, 73p)",10,23,0.890736607142857,0.04571035822391142,0.7883333333333331,0.050338361289219036,0.7785714285714281,0.08213423005076353,0.0198879241943355
Heart Disease,10,0.1,C,Control C (Ablated Entanglement),10,23,0.8806919642857138,0.042438280775798254,0.7816666666666665,0.05580499557265651,0.7607142857142855,0.06951810152693531,0.6873219728469846
Heart Disease,10,0.1,D,Control D (Frozen Feature Map),10,23,0.8200892857142854,0.08971529840714072,0.7516666666666664,0.08144148850176237,0.7214285714285709,0.1690308509457032,0.6373478412628168
Heart Disease,25,0.25,A,"Control A (Hybrid VQC, 73p)",10,59,0.8824776785714283,0.04935747992966287,0.8049999999999997,0.051550047598497864,0.7285714285714281,0.1080648163610498,0.9026005268096922
Heart Disease,25,0.25,B,"Control B (Classical MLP, 73p)",10,59,0.922209821428571,0.03828430488412474,0.8283333333333329,0.041611074024608875,0.7892857142857139,0.08980010555069577,0.017322421073913102
Heart Disease,25,0.25,C,Control C (Ablated Entanglement),10,59,0.9116071428571425,0.042631396397004105,0.8166666666666664,0.03849001794597505,0.7678571428571426,0.08788585154900824,0.7908745527267452
Heart Disease,25,0.25,D,Control D (Frozen Feature Map),10,59,0.9148437499999996,0.03185553662192518,0.848333333333333,0.03186584533266665,0.8035714285714282,0.08788585154900817,0.7287889957427975
Heart Disease,50,0.5,A,"Control A (Hybrid VQC, 73p)",10,118,0.8991071428571425,0.054116870262120066,0.8116666666666663,0.034291776360024534,0.7214285714285709,0.07491491772643939,1.089631080627441
Heart Disease,50,0.5,B,"Control B (Classical MLP, 73p)",10,118,0.930803571428571,0.01802684738033593,0.833333333333333,0.027216552697590976,0.771428571428571,0.05106573949887434,0.0161655426025386
Heart Disease,50,0.5,C,Control C (Ablated Entanglement),10,118,0.9320312499999996,0.01464139392732827,0.8316666666666664,0.021444732295132118,0.764285714285714,0.048210611265039456,0.9670272350311275
Heart Disease,50,0.5,D,Control D (Frozen Feature Map),10,118,0.9213169642857139,0.039708204900981765,0.8366666666666663,0.028109134757052297,0.7571428571428569,0.06900655593423552,0.8863310098648067
Heart Disease,100,1.0,A,"Control A (Hybrid VQC, 73p)",10,237,0.952678571428571,0.004182580155522398,0.8449999999999998,0.013721210039142624,0.7857142857142853,0.023809523809523673,1.7558472394943234
Heart Disease,100,1.0,B,"Control B (Classical MLP, 73p)",10,237,0.9484374999999996,0.004670343698355795,0.8283333333333329,0.00805076485899423,0.778571428571428,0.015058465048420566,0.0303873300552362
Heart Disease,100,1.0,C,Control C (Ablated Entanglement),10,237,0.9466517857142854,0.008769036022967778,0.8349999999999997,0.009460770203292604,0.778571428571428,0.015058465048420575,1.6546770095825192
Heart Disease,100,1.0,D,Control D (Frozen Feature Map),10,237,0.9452008928571425,0.013052151960963107,0.8516666666666663,0.019953649995631047,0.7678571428571425,0.03857583749052287,1.4382528066635127
Parkinson's,10,0.1,A,"Control A (Hybrid VQC, 73p)",10,15,0.7332758620689652,0.11357243784997377,0.7461538461538458,0.10841569552428428,0.8137931034482756,0.12077172907185008,0.7698600053787228
Parkinson's,10,0.1,B,"Control B (Classical MLP, 73p)",10,15,0.774827586206896,0.20109391680737698,0.7846153846153843,0.0766376470819139,0.8620689655172409,0.10782564965111344,0.017310237884521
Parkinson's,10,0.1,C,Control C (Ablated Entanglement),10,15,0.7910344827586202,0.18280704917526455,0.7897435897435893,0.07814789367974316,0.855172413793103,0.11238534769269268,0.6665118932723996
Parkinson's,10,0.1,D,Control D (Frozen Feature Map),10,15,0.7406896551724134,0.1430173308714059,0.7307692307692304,0.09912319234823241,0.8172413793103445,0.1227788523515089,0.6472625732421873
Parkinson's,25,0.25,A,"Control A (Hybrid VQC, 73p)",10,39,0.8765517241379307,0.07711949880574749,0.8230769230769226,0.07297563831157798,0.858620689655172,0.06790370339191695,0.8517148017883297
Parkinson's,25,0.25,B,"Control B (Classical MLP, 73p)",10,39,0.9006896551724133,0.050569487713384244,0.8666666666666663,0.03972290611494797,0.9172413793103444,0.04654817639383125,0.018115592002868202
Parkinson's,25,0.25,C,Control C (Ablated Entanglement),10,39,0.9089655172413786,0.05543996430338534,0.8641025641025637,0.0567588297978941,0.9206896551724135,0.05642729980980946,0.7386234045028682
Parkinson's,25,0.25,D,Control D (Frozen Feature Map),10,39,0.8837931034482756,0.04898359172104497,0.8564102564102558,0.05565408750803328,0.8896551724137929,0.08570736497612526,0.694845557212829
Parkinson's,50,0.5,A,"Control A (Hybrid VQC, 73p)",10,78,0.9403448275862066,0.036313472046622816,0.8820512820512818,0.038603725779953,0.9206896551724135,0.04612046585687097,0.9609539747238156
Parkinson's,50,0.5,B,"Control B (Classical MLP, 73p)",10,78,0.9368965517241374,0.03339471162375679,0.8923076923076918,0.041521223252961294,0.9448275862068961,0.03706785171631524,0.0165431737899776
Parkinson's,50,0.5,C,Control C (Ablated Entanglement),10,78,0.9244827586206892,0.07651150094411208,0.8820512820512816,0.055654087508033266,0.9551724137931032,0.03652930708522015,0.8593183279037471
Parkinson's,50,0.5,D,Control D (Frozen Feature Map),10,78,0.9144827586206892,0.04089111759882139,0.8461538461538458,0.0672992125983917,0.9068965517241377,0.08761305287429663,0.786886620521545
Parkinson's,100,1.0,A,"Control A (Hybrid VQC, 73p)",10,156,0.9513793103448271,0.015797804182555265,0.8589743589743584,0.04399841940592732,0.8827586206896548,0.059058540591563985,1.2705952405929561
Parkinson's,100,1.0,B,"Control B (Classical MLP, 73p)",10,156,0.9475862068965512,0.009309635278766359,0.8923076923076918,0.01081120567578948,0.9586206896551721,0.014539207632958184,0.021887850761413002
Parkinson's,100,1.0,C,Control C (Ablated Entanglement),10,156,0.941724137931034,0.04142558077128292,0.8743589743589739,0.049024377434871785,0.9551724137931032,0.036529307085220064,1.1622990846633907
Parkinson's,100,1.0,D,Control D (Frozen Feature Map),10,156,0.9365517241379306,0.018476810388423092,0.856410256410256,0.052963874819930534,0.9275862068965515,0.04725242480711371,1.0452167034149167
WDBC,10,0.1,A,"Control A (Hybrid VQC, 73p)",10,45,0.9866732804232801,0.009538559129399262,0.9289473684210522,0.02725735950040127,0.852380952380952,0.07080859689903315,0.7880227327346796
WDBC,10,0.1,B,"Control B (Classical MLP, 73p)",10,45,0.9912037037037035,0.0074373319504461455,0.9412280701754383,0.027444912351479334,0.8690476190476186,0.06568629110018602,0.0157231330871577
WDBC,10,0.1,C,Control C (Ablated Entanglement),10,45,0.9900793650793649,0.008140564566859349,0.9368421052631575,0.03328713326493046,0.8595238095238089,0.07312793333199641,0.6867455959320063
WDBC,10,0.1,D,Control D (Frozen Feature Map),10,45,0.987599206349206,0.009755446695117721,0.9315789473684207,0.030330532116701628,0.8547619047619044,0.08128627066075793,0.6388183355331417
WDBC,25,0.25,A,"Control A (Hybrid VQC, 73p)",10,113,0.9965608465608463,0.0017090870761300502,0.9535087719298243,0.018972079763167633,0.8999999999999997,0.060233860193683514,1.08196530342102
WDBC,25,0.25,B,"Control B (Classical MLP, 73p)",10,113,0.9957671957671954,0.002546272437033493,0.9614035087719295,0.01991741095429988,0.9190476190476187,0.04654881999560392,0.020361208915709902
WDBC,25,0.25,C,Control C (Ablated Entanglement),10,113,0.9966269841269838,0.001684741902516904,0.9631578947368418,0.013589415249850514,0.9166666666666663,0.040855675162647,0.9619879245758053
WDBC,25,0.25,D,Control D (Frozen Feature Map),10,113,0.9940145502645498,0.006443370328399818,0.950877192982456,0.031546442009967555,0.8976190476190471,0.08327662469571227,0.8785049200057979
WDBC,50,0.5,A,"Control A (Hybrid VQC, 73p)",10,227,0.9959325396825394,0.0013232105316950554,0.9657894736842101,0.011286701207964009,0.9261904761904758,0.02620249844320526,1.7429485797882076
WDBC,50,0.5,B,"Control B (Classical MLP, 73p)",10,227,0.9964947089947087,0.0009634820715791085,0.9666666666666665,0.01536131641703353,0.9285714285714282,0.031746031746031744,0.024652528762817004
WDBC,50,0.5,C,Control C (Ablated Entanglement),10,227,0.9964947089947088,0.000827821135604868,0.9710526315789471,0.010171068497617468,0.9309523809523805,0.026202498443205272,1.5796727657318113
WDBC,50,0.5,D,Control D (Frozen Feature Map),10,227,0.9959986772486771,0.0015931848885227162,0.9631578947368415,0.015361316417033585,0.921428571428571,0.03558176471660303,1.3989059925079341
WDBC,100,1.0,A,"Control A (Hybrid VQC, 73p)",10,455,0.9980489417989414,0.00042549072014130926,0.9789473684210522,0.0045298050832838195,0.9499999999999996,0.007529232524210516,3.6850497722625724
WDBC,100,1.0,B,"Control B (Classical MLP, 73p)",10,455,0.9984126984126979,0.00048800581175418255,0.9824561403508769,0.0058479532163743285,0.9642857142857141,0.012548720873684104,0.038743233680724604
WDBC,100,1.0,C,Control C (Ablated Entanglement),10,455,0.9981812169312164,0.00023383160753488163,0.984210526315789,0.006919391559180903,0.9666666666666665,0.01229518522605536,3.4062896251678465
WDBC,100,1.0,D,Control D (Frozen Feature Map),10,455,0.9979166666666662,0.0010108691814911274,0.972807017543859,0.008723060754488908,0.9309523809523805,0.02084750085168856,3.0344173908233643
