dataset,pca_dim,size_frac,mean_auc_A,mean_auc_B,mean_diff_A_minus_B,p_raw,significant_holm
WDBC,4,0.1,0.9898809523809525,0.9924933862433862,-0.0026124338624338717,0.28515625,False
WDBC,4,0.25,0.9959986772486772,0.9960317460317463,-3.306878306875704e-05,0.6796875,False
WDBC,4,0.5,0.9973875661375662,0.9971230158730158,0.0002645502645502451,0.42578125,False
WDBC,4,1.0,0.9981150793650795,0.9980158730158731,9.920634920633775e-05,0.5,False
WDBC,6,0.1,0.9866732804232804,0.9912037037037038,-0.004530423280423268,0.15234375,False
WDBC,6,0.25,0.9965608465608465,0.9957671957671957,0.0007936507936508353,0.447265625,False
WDBC,6,0.5,0.9959325396825397,0.996494708994709,-0.0005621693121692806,0.17578125,False
WDBC,6,1.0,0.998048941798942,0.9984126984126984,-0.0003637566137565607,0.23046875,False
WDBC,8,0.1,0.9614417989417989,0.9744708994708994,-0.013029100529100501,0.083984375,False
WDBC,8,0.25,0.9863095238095237,0.9909060846560847,-0.00459656084656086,0.015625,False
WDBC,8,0.5,0.9943452380952381,0.9958664021164022,-0.0015211640211640564,0.08203125,False
WDBC,8,1.0,0.997255291005291,0.9972222222222223,3.306878306875704e-05,1.0,False
Heart Disease,4,0.1,0.8417410714285716,0.90078125,-0.059040178571428556,0.005859375,True
Heart Disease,4,0.25,0.9168526785714286,0.9275669642857143,-0.010714285714285732,0.138671875,False
Heart Disease,4,0.5,0.9408482142857142,0.9399553571428572,0.0008928571428571397,0.82421875,False
Heart Disease,4,1.0,0.9610491071428571,0.9610491071428573,-3.3306690738754695e-17,0.98828125,False
Heart Disease,6,0.1,0.8552455357142856,0.8907366071428571,-0.03549107142857146,0.16015625,False
Heart Disease,6,0.25,0.8824776785714287,0.9222098214285713,-0.03973214285714288,0.00390625,True
Heart Disease,6,0.5,0.8991071428571429,0.9308035714285715,-0.03169642857142857,0.0546875,False
Heart Disease,6,1.0,0.9526785714285715,0.9484375,0.0042410714285714525,0.01953125,False
Heart Disease,8,0.1,0.7987723214285715,0.8842633928571428,-0.08549107142857144,0.00390625,True
Heart Disease,8,0.25,0.8463169642857142,0.9025669642857143,-0.05625000000000006,0.001953125,True
Heart Disease,8,0.5,0.8913504464285715,0.9283482142857142,-0.03699776785714283,0.001953125,True
Heart Disease,8,1.0,0.9300223214285716,0.9485491071428571,-0.018526785714285697,0.001953125,True
Parkinson's,4,0.1,0.7555172413793103,0.8189655172413793,-0.06344827586206897,0.001953125,True
Parkinson's,4,0.25,0.8951724137931034,0.8855172413793104,0.009655172413793068,0.30078125,False
Parkinson's,4,0.5,0.9055172413793103,0.9,0.005517241379310344,0.60546875,False
Parkinson's,4,1.0,0.8896551724137931,0.8844827586206897,0.005172413793103459,0.41796875,False
Parkinson's,6,0.1,0.7332758620689657,0.7748275862068965,-0.04155172413793101,0.083984375,False
Parkinson's,6,0.25,0.876551724137931,0.9006896551724137,-0.02413793103448274,0.13671875,False
Parkinson's,6,0.5,0.9403448275862069,0.936896551724138,0.003448275862068961,0.51953125,False
Parkinson's,6,1.0,0.9513793103448274,0.9475862068965517,0.0037931034482758695,0.4453125,False
Parkinson's,8,0.1,0.726551724137931,0.7603448275862069,-0.033793103448275845,0.375,False
Parkinson's,8,0.25,0.8548275862068966,0.8824137931034481,-0.027586206896551703,0.30859375,False
Parkinson's,8,0.5,0.9413793103448276,0.9244827586206897,0.016896551724137943,0.375,False
Parkinson's,8,1.0,0.9458620689655172,0.9420689655172414,0.0037931034482758695,0.76953125,False
Liver (ILPD),4,0.1,0.7303030303030302,0.7471339905074845,-0.016830960204454237,0.375,False
Liver (ILPD),4,0.25,0.7819277108433734,0.794961664841183,-0.013033953997809433,0.275390625,False
Liver (ILPD),4,0.5,0.7895217232566631,0.801350857977364,-0.011829134720700962,0.556640625,False
Liver (ILPD),4,1.0,0.8103322380430814,0.8027747353048558,0.0075575027382256185,0.6953125,False
Liver (ILPD),6,0.1,0.6345381526104419,0.736509675063892,-0.10197152245345018,0.001953125,True
Liver (ILPD),6,0.25,0.7295363271266886,0.7610806863818913,-0.031544359255202624,0.232421875,False
Liver (ILPD),6,0.5,0.7812705366922235,0.7669587440671778,0.014311792625045616,0.603515625,False
Liver (ILPD),6,1.0,0.8048192771084338,0.7868930266520627,0.017926250456370973,0.431640625,False
Liver (ILPD),8,0.1,0.6816721431179262,0.7238773274917853,-0.0422051843738591,0.02734375,False
Liver (ILPD),8,0.25,0.7124132895217233,0.7460752099306316,-0.03366192040890832,0.375,False
Liver (ILPD),8,0.5,0.7683461117196058,0.7866009492515517,-0.01825483753194589,0.275390625,False
Liver (ILPD),8,1.0,0.7897407813070465,0.7875136911281488,0.0022270901788974283,0.625,False
Kidney (CKD),4,0.1,0.9966183574879228,0.9942028985507246,0.002415458937198067,0.75,False
Kidney (CKD),4,0.25,1.0,1.0,0.0,1.0,False
Kidney (CKD),4,0.5,1.0,1.0,0.0,1.0,False
Kidney (CKD),4,1.0,1.0,1.0,0.0,1.0,False
Kidney (CKD),6,0.1,0.9212560386473431,0.9763285024154589,-0.055072463768115934,0.21875,False
Kidney (CKD),6,0.25,0.9966183574879226,1.0,-0.0033816425120772875,0.5,False
Kidney (CKD),6,0.5,0.9995169082125603,0.9995169082125603,0.0,1.0,False
Kidney (CKD),6,1.0,1.0,1.0,0.0,1.0,False
Kidney (CKD),8,0.1,0.9661835748792271,0.9130434782608695,0.0531400966183575,0.34375,False
Kidney (CKD),8,0.25,1.0,1.0,0.0,1.0,False
Kidney (CKD),8,0.5,1.0,1.0,0.0,1.0,False
Kidney (CKD),8,1.0,1.0,1.0,0.0,1.0,False
