dataset,seed,model,accuracy,auc_roc,recall_sensitivity,specificity,f1,time_sec
WDBC,0,QSVM (Fidelity Quantum Kernel),0.7631578947368421,0.8389550264550265,0.6190476190476191,0.8472222222222222,0.6582278481012658,0.628584623336792
WDBC,0,Classical SVM-RBF,0.9473684210526315,0.9920634920634921,0.9523809523809523,0.9444444444444444,0.9302325581395349,0.002999544143676758
WDBC,1,QSVM (Fidelity Quantum Kernel),0.7456140350877193,0.8326719576719577,0.5476190476190477,0.8611111111111112,0.6133333333333333,0.5902774333953857
WDBC,1,Classical SVM-RBF,0.9649122807017544,0.9973544973544974,0.9285714285714286,0.9861111111111112,0.9512195121951219,0.002315998077392578
WDBC,2,QSVM (Fidelity Quantum Kernel),0.7807017543859649,0.8921957671957671,0.5476190476190477,0.9166666666666666,0.647887323943662,0.6067442893981934
WDBC,2,Classical SVM-RBF,0.9473684210526315,0.9861111111111112,0.9285714285714286,0.9583333333333334,0.9285714285714286,0.002016782760620117
WDBC,3,QSVM (Fidelity Quantum Kernel),0.7368421052631579,0.8551587301587301,0.5,0.875,0.5833333333333334,0.6162757873535156
WDBC,3,Classical SVM-RBF,0.956140350877193,0.998015873015873,0.9523809523809523,0.9583333333333334,0.9411764705882353,0.0034589767456054688
WDBC,4,QSVM (Fidelity Quantum Kernel),0.7280701754385965,0.8121693121693122,0.5,0.8611111111111112,0.5753424657534246,0.6123104095458984
WDBC,4,Classical SVM-RBF,0.9385964912280702,0.9900793650793651,0.8809523809523809,0.9722222222222222,0.9135802469135802,0.0020003318786621094
WDBC,5,QSVM (Fidelity Quantum Kernel),0.7807017543859649,0.8634259259259258,0.5,0.9444444444444444,0.6268656716417911,0.6194789409637451
WDBC,5,Classical SVM-RBF,0.956140350877193,0.9973544973544973,0.9047619047619048,0.9861111111111112,0.9382716049382716,0.001999378204345703
WDBC,6,QSVM (Fidelity Quantum Kernel),0.7982456140350878,0.8991402116402116,0.6904761904761905,0.8611111111111112,0.7160493827160493,0.6117000579833984
WDBC,6,Classical SVM-RBF,0.9649122807017544,0.9857804232804233,0.9523809523809523,0.9722222222222222,0.9523809523809523,0.002000093460083008
WDBC,7,QSVM (Fidelity Quantum Kernel),0.7719298245614035,0.8746693121693121,0.5238095238095238,0.9166666666666666,0.6285714285714286,0.6093640327453613
WDBC,7,Classical SVM-RBF,0.9473684210526315,0.9927248677248677,0.8809523809523809,0.9861111111111112,0.925,0.001997232437133789
WDBC,8,QSVM (Fidelity Quantum Kernel),0.7807017543859649,0.8941798941798942,0.5714285714285714,0.9027777777777778,0.6575342465753424,0.5888798236846924
WDBC,8,Classical SVM-RBF,0.9912280701754386,0.9970238095238095,0.9761904761904762,1.0,0.9879518072289156,0.0019996166229248047
WDBC,9,QSVM (Fidelity Quantum Kernel),0.8245614035087719,0.9117063492063492,0.6190476190476191,0.9444444444444444,0.7222222222222222,0.591533899307251
WDBC,9,Classical SVM-RBF,0.9649122807017544,0.9957010582010581,0.9285714285714286,0.9861111111111112,0.9512195121951219,0.0019998550415039062
Heart Disease,0,QSVM (Fidelity Quantum Kernel),0.5833333333333334,0.5859375,0.39285714285714285,0.75,0.46808510638297873,0.3184621334075928
Heart Disease,0,Classical SVM-RBF,0.85,0.9274553571428572,0.8214285714285714,0.875,0.8363636363636363,0.0020465850830078125
Heart Disease,1,QSVM (Fidelity Quantum Kernel),0.5833333333333334,0.5736607142857142,0.5714285714285714,0.59375,0.5614035087719298,0.3116767406463623
Heart Disease,1,Classical SVM-RBF,0.8833333333333333,0.9040178571428572,0.8571428571428571,0.90625,0.8727272727272727,0.0019979476928710938
Heart Disease,2,QSVM (Fidelity Quantum Kernel),0.5666666666666667,0.6305803571428572,0.5357142857142857,0.59375,0.5357142857142857,0.3221104145050049
Heart Disease,2,Classical SVM-RBF,0.8,0.8839285714285714,0.8571428571428571,0.75,0.8,0.002000570297241211
Heart Disease,3,QSVM (Fidelity Quantum Kernel),0.65,0.7377232142857143,0.5,0.78125,0.5714285714285714,0.32956814765930176
Heart Disease,3,Classical SVM-RBF,0.7833333333333333,0.8638392857142857,0.7857142857142857,0.78125,0.7719298245614035,0.001999378204345703
Heart Disease,4,QSVM (Fidelity Quantum Kernel),0.65,0.71875,0.4642857142857143,0.8125,0.5531914893617021,0.3288002014160156
Heart Disease,4,Classical SVM-RBF,0.85,0.8772321428571429,0.75,0.9375,0.8235294117647058,0.0010170936584472656
Heart Disease,5,QSVM (Fidelity Quantum Kernel),0.55,0.5814732142857143,0.6428571428571429,0.46875,0.5714285714285714,0.3202371597290039
Heart Disease,5,Classical SVM-RBF,0.85,0.9229910714285714,0.8571428571428571,0.84375,0.8421052631578947,0.001989603042602539
Heart Disease,6,QSVM (Fidelity Quantum Kernel),0.6166666666666667,0.6517857142857142,0.39285714285714285,0.8125,0.4888888888888889,0.3204917907714844
Heart Disease,6,Classical SVM-RBF,0.9,0.9475446428571428,0.8571428571428571,0.9375,0.8888888888888888,0.0019986629486083984
Heart Disease,7,QSVM (Fidelity Quantum Kernel),0.5666666666666667,0.6517857142857143,0.42857142857142855,0.6875,0.48,0.3273441791534424
Heart Disease,7,Classical SVM-RBF,0.8333333333333334,0.8426339285714286,0.7857142857142857,0.875,0.8148148148148148,0.0020520687103271484
Heart Disease,8,QSVM (Fidelity Quantum Kernel),0.6,0.5625,0.35714285714285715,0.8125,0.45454545454545453,0.3092496395111084
Heart Disease,8,Classical SVM-RBF,0.7666666666666667,0.8270089285714286,0.6785714285714286,0.84375,0.7307692307692307,0.002031564712524414
Heart Disease,9,QSVM (Fidelity Quantum Kernel),0.6833333333333333,0.734375,0.5714285714285714,0.78125,0.6274509803921569,0.326732873916626
Heart Disease,9,Classical SVM-RBF,0.8833333333333333,0.9051339285714286,0.7857142857142857,0.96875,0.8627450980392157,0.0022313594818115234
Parkinson's,0,QSVM (Fidelity Quantum Kernel),0.8205128205128205,0.8586206896551725,0.9655172413793104,0.4,0.8888888888888888,0.25033068656921387
Parkinson's,0,Classical SVM-RBF,0.8205128205128205,0.9137931034482758,0.896551724137931,0.6,0.8813559322033898,0.0009424686431884766
Parkinson's,1,QSVM (Fidelity Quantum Kernel),0.8205128205128205,0.8862068965517241,1.0,0.3,0.8923076923076924,0.21577882766723633
Parkinson's,1,Classical SVM-RBF,0.8461538461538461,0.8344827586206897,0.9655172413793104,0.5,0.9032258064516129,0.0009996891021728516
Parkinson's,2,QSVM (Fidelity Quantum Kernel),0.8461538461538461,0.9551724137931035,1.0,0.4,0.90625,0.2186903953552246
Parkinson's,2,Classical SVM-RBF,0.8461538461538461,0.8896551724137931,0.9655172413793104,0.5,0.9032258064516129,0.0010006427764892578
Parkinson's,3,QSVM (Fidelity Quantum Kernel),0.8717948717948718,0.9068965517241379,1.0,0.5,0.9206349206349206,0.22897577285766602
Parkinson's,3,Classical SVM-RBF,0.9487179487179487,0.9931034482758622,1.0,0.8,0.9666666666666667,0.0010006427764892578
Parkinson's,4,QSVM (Fidelity Quantum Kernel),0.8461538461538461,0.8620689655172414,1.0,0.4,0.90625,0.20887160301208496
Parkinson's,4,Classical SVM-RBF,0.8974358974358975,0.9241379310344828,1.0,0.6,0.9354838709677419,0.002000093460083008
Parkinson's,5,QSVM (Fidelity Quantum Kernel),0.8717948717948718,0.9034482758620689,1.0,0.5,0.9206349206349206,0.20294666290283203
Parkinson's,5,Classical SVM-RBF,0.7948717948717948,0.7655172413793104,1.0,0.2,0.8787878787878788,0.0014233589172363281
Parkinson's,6,QSVM (Fidelity Quantum Kernel),0.7692307692307693,0.7689655172413794,0.9655172413793104,0.2,0.8615384615384616,0.19741606712341309
Parkinson's,6,Classical SVM-RBF,0.9230769230769231,0.9068965517241379,1.0,0.7,0.9508196721311475,0.0010139942169189453
Parkinson's,7,QSVM (Fidelity Quantum Kernel),0.7435897435897436,0.9000000000000001,0.9655172413793104,0.1,0.8484848484848485,0.2063000202178955
Parkinson's,7,Classical SVM-RBF,0.8974358974358975,0.9724137931034482,1.0,0.6,0.9354838709677419,0.001998424530029297
Parkinson's,8,QSVM (Fidelity Quantum Kernel),0.8717948717948718,0.893103448275862,1.0,0.5,0.9206349206349206,0.21126651763916016
Parkinson's,8,Classical SVM-RBF,0.9230769230769231,0.9758620689655173,1.0,0.7,0.9508196721311475,0.0009911060333251953
Parkinson's,9,QSVM (Fidelity Quantum Kernel),0.8205128205128205,0.8793103448275863,1.0,0.3,0.8923076923076924,0.20399880409240723
Parkinson's,9,Classical SVM-RBF,0.8974358974358975,0.9137931034482758,1.0,0.6,0.9354838709677419,0.0013842582702636719
Liver (ILPD),0,QSVM (Fidelity Quantum Kernel),0.646551724137931,0.5783132530120482,0.8674698795180723,0.09090909090909091,0.7783783783783784,0.6351239681243896
Liver (ILPD),0,Classical SVM-RBF,0.7155172413793104,0.6589996349032494,1.0,0.0,0.8341708542713567,0.005998373031616211
Liver (ILPD),1,QSVM (Fidelity Quantum Kernel),0.6810344827586207,0.5491055129609346,0.891566265060241,0.15151515151515152,0.8,0.6278266906738281
Liver (ILPD),1,Classical SVM-RBF,0.6896551724137931,0.5439941584519897,0.9156626506024096,0.12121212121212122,0.8085106382978723,0.0060198307037353516
Liver (ILPD),2,QSVM (Fidelity Quantum Kernel),0.7241379310344828,0.6049653158086892,0.9759036144578314,0.09090909090909091,0.8350515463917526,0.63761305809021
Liver (ILPD),2,Classical SVM-RBF,0.7155172413793104,0.7393209200438116,1.0,0.0,0.8341708542713567,0.005506038665771484
Liver (ILPD),3,QSVM (Fidelity Quantum Kernel),0.7068965517241379,0.6403797006206645,0.963855421686747,0.06060606060606061,0.8247422680412371,0.6295928955078125
Liver (ILPD),3,Classical SVM-RBF,0.7155172413793104,0.6575392479006936,1.0,0.0,0.8341708542713567,0.005988359451293945
Liver (ILPD),4,QSVM (Fidelity Quantum Kernel),0.6982758620689655,0.4925155166119021,0.9156626506024096,0.15151515151515152,0.8128342245989305,0.6221785545349121
Liver (ILPD),4,Classical SVM-RBF,0.7155172413793104,0.6688572471705002,1.0,0.0,0.8341708542713567,0.005253314971923828
Liver (ILPD),5,QSVM (Fidelity Quantum Kernel),0.7155172413793104,0.6232201533406352,0.9156626506024096,0.21212121212121213,0.8216216216216217,0.6083793640136719
Liver (ILPD),5,Classical SVM-RBF,0.7241379310344828,0.6524278933917489,0.9879518072289156,0.06060606060606061,0.8367346938775511,0.005233287811279297
Liver (ILPD),6,QSVM (Fidelity Quantum Kernel),0.6810344827586207,0.5304855786783498,0.9397590361445783,0.030303030303030304,0.8082901554404145,0.5947988033294678
Liver (ILPD),6,Classical SVM-RBF,0.7155172413793104,0.7046367287331142,1.0,0.0,0.8341708542713567,0.005005598068237305
Liver (ILPD),7,QSVM (Fidelity Quantum Kernel),0.6810344827586207,0.5848849945235488,0.9036144578313253,0.12121212121212122,0.8021390374331551,0.617220401763916
Liver (ILPD),7,Classical SVM-RBF,0.7155172413793104,0.6768893756845564,1.0,0.0,0.8341708542713567,0.00500035285949707
Liver (ILPD),8,QSVM (Fidelity Quantum Kernel),0.6551724137931034,0.48484848484848486,0.8674698795180723,0.12121212121212122,0.782608695652174,0.6636106967926025
Liver (ILPD),8,Classical SVM-RBF,0.7155172413793104,0.6600949251551661,1.0,0.0,0.8341708542713567,0.0063135623931884766
Liver (ILPD),9,QSVM (Fidelity Quantum Kernel),0.7155172413793104,0.6159182183278569,0.9518072289156626,0.12121212121212122,0.8272251308900523,0.6337473392486572
Liver (ILPD),9,Classical SVM-RBF,0.7155172413793104,0.6728733114275283,1.0,0.0,0.8341708542713567,0.006003379821777344
Kidney (17-feat ablated),0,QSVM (Fidelity Quantum Kernel),0.96875,0.9855072463768115,0.8888888888888888,1.0,0.9411764705882353,0.16681337356567383
Kidney (17-feat ablated),0,Classical SVM-RBF,1.0,1.0,1.0,1.0,1.0,0.0010004043579101562
Kidney (17-feat ablated),1,QSVM (Fidelity Quantum Kernel),1.0,1.0,1.0,1.0,1.0,0.17602252960205078
Kidney (17-feat ablated),1,Classical SVM-RBF,1.0,1.0,1.0,1.0,1.0,0.0010004043579101562
Kidney (17-feat ablated),2,QSVM (Fidelity Quantum Kernel),1.0,1.0,1.0,1.0,1.0,0.17229008674621582
Kidney (17-feat ablated),2,Classical SVM-RBF,1.0,1.0,1.0,1.0,1.0,0.0009996891021728516
Kidney (17-feat ablated),3,QSVM (Fidelity Quantum Kernel),1.0,1.0,1.0,1.0,1.0,0.17243456840515137
Kidney (17-feat ablated),3,Classical SVM-RBF,1.0,1.0,1.0,1.0,1.0,0.0010311603546142578
Kidney (17-feat ablated),4,QSVM (Fidelity Quantum Kernel),0.96875,0.9903381642512078,0.8888888888888888,1.0,0.9411764705882353,0.16747045516967773
Kidney (17-feat ablated),4,Classical SVM-RBF,1.0,1.0,1.0,1.0,1.0,0.0009865760803222656
Kidney (17-feat ablated),5,QSVM (Fidelity Quantum Kernel),0.9375,0.9855072463768115,0.7777777777777778,1.0,0.875,0.16729998588562012
Kidney (17-feat ablated),5,Classical SVM-RBF,1.0,1.0,1.0,1.0,1.0,0.0010073184967041016
Kidney (17-feat ablated),6,QSVM (Fidelity Quantum Kernel),1.0,1.0,1.0,1.0,1.0,0.17396855354309082
Kidney (17-feat ablated),6,Classical SVM-RBF,1.0,1.0,1.0,1.0,1.0,0.0009996891021728516
Kidney (17-feat ablated),7,QSVM (Fidelity Quantum Kernel),0.96875,1.0,0.8888888888888888,1.0,0.9411764705882353,0.17187929153442383
Kidney (17-feat ablated),7,Classical SVM-RBF,1.0,1.0,1.0,1.0,1.0,0.001313924789428711
Kidney (17-feat ablated),8,QSVM (Fidelity Quantum Kernel),1.0,1.0,1.0,1.0,1.0,0.17269134521484375
Kidney (17-feat ablated),8,Classical SVM-RBF,1.0,1.0,1.0,1.0,1.0,0.0009992122650146484
Kidney (17-feat ablated),9,QSVM (Fidelity Quantum Kernel),1.0,1.0,1.0,1.0,1.0,0.17194890975952148
Kidney (17-feat ablated),9,Classical SVM-RBF,1.0,1.0,1.0,1.0,1.0,0.0011186599731445312
